[backblue.gif]
[fade.gif]
[index.html]
[localhost/olabs/html5/js/jquery/ui/1.10.2/jquery-ui-1.10.2.custom.min.js]
[localhost/olabs/html5/js/jquery.i18n.js]
[localhost/olabs/CHE/PHC/ToStudyThePropertiesOfAcidsNBases/js/help.js]
[localhost/olabs/CHE/PHC/ToStudyThePropertiesOfAcidsNBases/locale/en-IN/LC_MESSAGES/language.js]
[localhost/olabs/CHE/PHC/ToStudyThePropertiesOfAcidsNBases/images/dropper1.png]
[localhost/olabs/CHE/PHC/ToStudyThePropertiesOfAcidsNBases/images/soln_dropper.png]
[localhost/olabs/CHE/PHC/ToStudyThePropertiesOfAcidsNBases/images/hcl.png]
[localhost/olabs/CHE/PHC/ToStudyThePropertiesOfAcidsNBases/images/beakerwater1.png]
[localhost/olabs/CHE/PHC/ToStudyThePropertiesOfAcidsNBases/images/beakershdw.png]
[localhost/olabs/CHE/PHC/ToStudyThePropertiesOfAcidsNBases/images/label.png]
[localhost/olabs/CHE/PHC/ToStudyThePropertiesOfAcidsNBases/images/pourline2.png]
[localhost/olabs/CHE/PHC/ToStudyThePropertiesOfAcidsNBases/images/pourline1.png]
[localhost/olabs/CHE/PHC/ToStudyThePropertiesOfAcidsNBases/images/stands1.png]
[localhost/olabs/CHE/PHC/ToStudyThePropertiesOfAcidsNBases/images/testtube.png]
[localhost/olabs/CHE/PHC/ToStudyThePropertiesOfAcidsNBases/images/testtubesoln1.png]
[localhost/olabs/CHE/PHC/ToStudyThePropertiesOfAcidsNBases/images/testtubesoln2.png]
[localhost/olabs/CHE/PHC/ToStudyThePropertiesOfAcidsNBases/images/drops.png]
[localhost/olabs/CHE/PHC/ToStudyThePropertiesOfAcidsNBases/images/testtubewithstand.png]
[localhost/olabs/CHE/PHC/ToStudyThePropertiesOfAcidsNBases/images/standunder.png]
[localhost/olabs/CHE/PHC/ToStudyThePropertiesOfAcidsNBases/images/zincmetal.png]
[localhost/olabs/CHE/PHC/ToStudyThePropertiesOfAcidsNBases/images/zinctestsoln.png]
[localhost/olabs/CHE/PHC/ToStudyThePropertiesOfAcidsNBases/images/burneroff.png]
[localhost/olabs/CHE/PHC/ToStudyThePropertiesOfAcidsNBases/images/burneron.png]
[localhost/olabs/CHE/PHC/ToStudyThePropertiesOfAcidsNBases/images/standbottom.png]
[localhost/olabs/CHE/PHC/ToStudyThePropertiesOfAcidsNBases/images/conicalbeaker.png]
[localhost/olabs/CHE/PHC/ToStudyThePropertiesOfAcidsNBases/images/limewater.png]
[localhost/olabs/CHE/PHC/ToStudyThePropertiesOfAcidsNBases/images/milkywater.png]
[localhost/olabs/CHE/PHC/ToStudyThePropertiesOfAcidsNBases/images/roundflasksolution.png]
[localhost/olabs/CHE/PHC/ToStudyThePropertiesOfAcidsNBases/images/label3.png]
[localhost/olabs/CHE/PHC/ToStudyThePropertiesOfAcidsNBases/images/corkstand.png]
[localhost/olabs/CHE/PHC/ToStudyThePropertiesOfAcidsNBases/images/corktube.png]
[localhost/olabs/CHE/PHC/ToStudyThePropertiesOfAcidsNBases/images/matchstick.png]
[localhost/olabs/CHE/PHC/ToStudyThePropertiesOfAcidsNBases/images/matchStickFlame.png]
[localhost/olabs/CHE/PHC/ToStudyThePropertiesOfAcidsNBases/images/flameblastDark.png]
[localhost/olabs/CHE/PHC/ToStudyThePropertiesOfAcidsNBases/images/stickflame1.png]
[localhost/olabs/CHE/PHC/ToStudyThePropertiesOfAcidsNBases/images/stickflame2.png]
[localhost/olabs/html5/js/nanoscroller/overthrow.min.js]
[localhost/olabs/html5/js/jquery/jquery.js]
[localhost/olabs/CHE/PHC/ToStudyThePropertiesOfAcidsNBases/images/stickflame3.png]
[localhost/olabs/html5/js/jquery/jquery-ui.js]
[localhost/olabs/html5/js/nanoscroller/jquery.nanoscroller.js]
[localhost/olabs/html5/js/nanoscroller/touchready.js]
[localhost/olabs/CHE/PHC/ToStudyThePropertiesOfAcidsNBases/images/side_L.png]
[localhost/olabs/CHE/PHC/ToStudyThePropertiesOfAcidsNBases/images/flame1.png]
[localhost/olabs/CHE/PHC/ToStudyThePropertiesOfAcidsNBases/images/flame2.png]
[localhost/olabs/html5/js/nanoscroller/main.js]
[localhost/olabs/CHE/PHC/ToStudyThePropertiesOfAcidsNBases/images/flame3.png]
[localhost/olabs/CHE/PHC/ToStudyThePropertiesOfAcidsNBases/images/flame4.png]
[localhost/olabs/CHE/PHC/ToStudyThePropertiesOfAcidsNBases/images/standtesttube.png]
[localhost/olabs/CHE/PHC/ToStudyThePropertiesOfAcidsNBases/images/label4.png]
[localhost/olabs/CHE/PHC/ToStudyThePropertiesOfAcidsNBases/images/sodiumcarbonate.png]
[localhost/olabs/CHE/PHC/ToStudyThePropertiesOfAcidsNBases/images/testtubeslnscene4.png]
[localhost/olabs/CHE/PHC/ToStudyThePropertiesOfAcidsNBases/images/pinksolution.png]
[localhost/olabs/CHE/PHC/ToStudyThePropertiesOfAcidsNBases/images/inferenceImg.png]
[localhost/olabs/CHE/PHC/ToStudyThePropertiesOfAcidsNBases/js/simcontrols.js]
[localhost/olabs/html5/js/trip/trip.min.js]
[localhost/olabs/html5/js/touchconvert.js]
[localhost/olabs/CHE/PHC/ToStudyThePropertiesOfAcidsNBases/images/litmusicon.png]
[localhost/olabs/CHE/PHC/ToStudyThePropertiesOfAcidsNBases/images/zincmetalicon.png]
[localhost/olabs/html5/js/js-webshim/1.9.7/minified/extras/modernizr-custom.js]
[localhost/olabs/CHE/PHC/ToStudyThePropertiesOfAcidsNBases/images/solidsodiumIcon.png]
[localhost/olabs/CHE/PHC/ToStudyThePropertiesOfAcidsNBases/images/acid.png]
[localhost/olabs/CHE/PHC/ToStudyThePropertiesOfAcidsNBases/images/base.png]
[localhost/olabs/CHE/PHC/ToStudyThePropertiesOfAcidsNBases/images/right.png]
[localhost/olabs/CHE/PHC/ToStudyThePropertiesOfAcidsNBases/images/wrong.png]
[localhost/olabs/html5/indexeafe.html]
[localhost/olabs/CHE/ORG/Reactivity_of_carbon_compound/js/simcontrols.js]
[localhost/olabs/CHE/ORG/Reactivity_of_carbon_compound/js/responsive.js]
[localhost/olabs/CHE/ORG/Reactivity_of_carbon_compound/js/help.js]
[localhost/olabs/CHE/ORG/Reactivity_of_carbon_compound/images/Testtube.png]
[localhost/olabs/CHE/ORG/Reactivity_of_carbon_compound/images/TesttubeWaterTwo.png]
[localhost/olabs/CHE/ORG/Reactivity_of_carbon_compound/images/TesttubeWhiteLine.png]
[localhost/olabs/html5/template/olab_ot_rt/images/dit_logo.gif]
[localhost/olabs/html5/index45f5.html]
[localhost/olabs/CHE/SOL/Identification-True-colloidal-suspension-Final/js/help.js]
[localhost/olabs/CHE/SOL/Identification-True-colloidal-suspension-Final/js/simcontrols.js]
[localhost/olabs/CHE/SOL/Identification-True-colloidal-suspension-Final/js/stop_watch.js]
[localhost/olabs/CHE/SOL/Identification-True-colloidal-suspension-Final/locale/en-IN/LC_MESSAGES/language.js]
[localhost/olabs/CHE/SOL/Identification-True-colloidal-suspension-Final/images/BG1.gif]
[localhost/olabs/CHE/SOL/Identification-True-colloidal-suspension-Final/images/BG2.gif]
[localhost/olabs/CHE/SOL/Identification-True-colloidal-suspension-Final/images/BG3.gif]
[localhost/olabs/CHE/SOL/Identification-True-colloidal-suspension-Final/images/inference.png]
[localhost/olabs/CHE/SOL/Identification-True-colloidal-suspension-Final/images/solnTransparent.png]
[localhost/olabs/CHE/SOL/Identification-True-colloidal-suspension-Final/images/solnDarkBrown.png]
[localhost/olabs/CHE/SOL/Identification-True-colloidal-suspension-Final/images/solnWhite.png]
[localhost/olabs/CHE/SOL/Identification-True-colloidal-suspension-Final/images/solnBrown.png]
[localhost/olabs/CHE/SOL/Identification-True-colloidal-suspension-Final/images/powerSource.png]
[localhost/olabs/CHE/SOL/Identification-True-colloidal-suspension-Final/images/whiteLight.png]
[localhost/olabs/CHE/SOL/Identification-True-colloidal-suspension-Final/images/stand.png]
[localhost/olabs/CHE/SOL/Identification-True-colloidal-suspension-Final/images/handWithPaper.png]
[localhost/olabs/CHE/SOL/Identification-True-colloidal-suspension-Final/images/testtube1.png]
[localhost/olabs/CHE/SOL/Identification-True-colloidal-suspension-Final/images/testtubeStand1.png]
[localhost/olabs/CHE/SOL/Identification-True-colloidal-suspension-Final/images/solnTransparent2.png]
[localhost/olabs/CHE/SOL/Identification-True-colloidal-suspension-Final/images/standfilter2.png]
[localhost/olabs/CHE/SOL/Identification-True-colloidal-suspension-Final/images/zoompaper2.png]
[localhost/olabs/CHE/SOL/Identification-True-colloidal-suspension-Final/images/powderwhite2.png]
[localhost/olabs/CHE/SOL/Identification-True-colloidal-suspension-Final/images/stopwatch.png]
[localhost/olabs/CHE/SOL/Identification-True-colloidal-suspension-Final/images/tooltip.png]
[localhost/olabs/CHE/SOL/Identification-True-colloidal-suspension-Final/images/icon1.png]
[localhost/olabs/CHE/SOL/Identification-True-colloidal-suspension-Final/images/icon2.png]
[localhost/olabs/CHE/SOL/Identification-True-colloidal-suspension-Final/images/icon3.png]
[localhost/olabs/html5/index0e7a.html]
[localhost/olabs/CHE/ANC/Boiling_Point_of_Water/js/help.js]
[localhost/olabs/CHE/ANC/Boiling_Point_of_Water/locale/en-IN/language.js]
[localhost/olabs/CHE/ANC/Boiling_Point_of_Water/images/steam1.png]
[localhost/olabs/CHE/ANC/Boiling_Point_of_Water/images/zoomArea.png]
[localhost/olabs/CHE/ANC/Boiling_Point_of_Water/images/thermoBig.png]
[localhost/olabs/CHE/ANC/Boiling_Point_of_Water/images/pumicStoneInTube.png]
[localhost/olabs/CHE/ANC/Boiling_Point_of_Water/images/testtubeSolution.png]
[localhost/olabs/CHE/ANC/Boiling_Point_of_Water/images/burnerOff.png]
[localhost/olabs/CHE/ANC/Boiling_Point_of_Water/images/burnerOn.png]
[localhost/olabs/CHE/ANC/Boiling_Point_of_Water/images/flame1.png]
[localhost/olabs/CHE/ANC/Boiling_Point_of_Water/images/watchGlass.png]
[localhost/olabs/CHE/ANC/Boiling_Point_of_Water/images/pumicStoneInWatchGlass.png]
[localhost/olabs/CHE/ANC/Boiling_Point_of_Water/images/spatulaPumic.png]
[localhost/olabs/CHE/ANC/Boiling_Point_of_Water/images/deliveryTtubeLying.png]
[localhost/olabs/CHE/ANC/Boiling_Point_of_Water/images/beakerWater.png]
[localhost/olabs/CHE/ANC/Boiling_Point_of_Water/images/beaker.png]
[localhost/olabs/CHE/ANC/Boiling_Point_of_Water/images/beakerShadow.png]
[localhost/olabs/CHE/ANC/Boiling_Point_of_Water/images/cork.png]
[localhost/olabs/CHE/ANC/Boiling_Point_of_Water/images/corkShdw.png]
[localhost/olabs/CHE/ANC/Boiling_Point_of_Water/images/thermometer.png]
[localhost/olabs/html5/indexcd1f.html]
[localhost/olabs/CHE/ANC/Boiling_Point_of_Water/js/simcontrols.js]
[localhost/olabs/CHE/ANC/Melting-Point-Ice/js/simcontrols.js]
[localhost/olabs/CHE/ANC/Melting-Point-Ice/js/help.js]
[localhost/olabs/CHE/ANC/Melting-Point-Ice/js/Gettext.js]
[localhost/olabs/CHE/ANC/Melting-Point-Ice/locale/en-IN/language.js]
[localhost/olabs/CHE/ANC/Melting-Point-Ice/images/bg.gif]
[localhost/olabs/CHE/ANC/Melting-Point-Ice/images/stand&burner.png]
[localhost/olabs/CHE/ANC/Melting-Point-Ice/images/beaker.png]
[localhost/olabs/CHE/ANC/Melting-Point-Ice/images/stirrer.png]
[localhost/olabs/CHE/ANC/Melting-Point-Ice/images/watchglass.png]
[localhost/olabs/CHE/ANC/Melting-Point-Ice/images/icecubes_in_watchglass.png]
[localhost/olabs/CHE/ANC/Melting-Point-Ice/images/watchglass_shadow.png]
[localhost/olabs/CHE/ANC/Melting-Point-Ice/images/zoom_area.png]
[localhost/olabs/CHE/ANC/Melting-Point-Ice/images/icecubes_in_beaker.png]
[localhost/olabs/CHE/ANC/Melting-Point-Ice/images/flame1.png]
[localhost/olabs/CHE/ANC/Melting-Point-Ice/images/flame2.png]
[localhost/olabs/CHE/ANC/Melting-Point-Ice/images/flame3.png]
[localhost/olabs/CHE/ANC/Melting-Point-Ice/images/flame4.png]
[localhost/olabs/CHE/ANC/Melting-Point-Ice/images/flame5.png]
[localhost/olabs/CHE/ANC/Melting-Point-Ice/images/burner_off.png]
[localhost/olabs/CHE/ANC/Melting-Point-Ice/images/burner_on.png]
[localhost/olabs/CHE/ANC/Melting-Point-Ice/images/thermo_big.png]
[localhost/olabs/CHE/ANC/Melting-Point-Ice/images/water_in_beaker.png]
[localhost/olabs/CHE/ANC/Melting-Point-Ice/images/correct_icon.png]
[localhost/olabs/CHE/ANC/Melting-Point-Ice/images/wrong_icon.png]
[localhost/olabs/html5/index31e0.html]
[localhost/olabs/CHE/ORG/Qualitative_Analysis/locale/en-IN/language.js]
[localhost/olabs/CHE/ORG/Qualitative_Analysis/js/help_phyExam.js]
[localhost/olabs/CHE/ORG/Qualitative_Analysis/js/help_potassium.js]
[localhost/olabs/CHE/ORG/Qualitative_Analysis/js/help_silverNitrate.js]
[localhost/olabs/CHE/ORG/Qualitative_Analysis/js/help_manganeseDioxide.js]
[localhost/olabs/CHE/ORG/Qualitative_Analysis/js/help_chromylChloride.js]
[localhost/olabs/CHE/ORG/Qualitative_Analysis/js/help_chlorineWater.js]
[localhost/olabs/CHE/ORG/Qualitative_Analysis/js/help_oxalicAcid.js]
[localhost/olabs/CHE/ORG/Qualitative_Analysis/js/help_esterTest.js]
[localhost/olabs/CHE/ORG/Qualitative_Analysis/js/help_ferricChloride.js]
[localhost/olabs/CHE/ORG/Qualitative_Analysis/js/help_concSulphuricAcid.js]
[localhost/olabs/CHE/ORG/Qualitative_Analysis/js/help_calciumChloride.js]
[localhost/olabs/CHE/ORG/Qualitative_Analysis/js/help_oxalate_potassium.js]
[localhost/olabs/CHE/ORG/Qualitative_Analysis/js/help_magnesiaMixture.js]
[localhost/olabs/CHE/ORG/Qualitative_Analysis/js/simcontrols_main.js]
[localhost/olabs/CHE/ORG/Qualitative_Analysis/js/help_main.js]
[localhost/olabs/CHE/ORG/Qualitative_Analysis/js/simcontrols_phyExam.js]
[localhost/olabs/CHE/ORG/Qualitative_Analysis/js/simcontrols_dryheat.js]
[localhost/olabs/CHE/ORG/Qualitative_Analysis/js/help_dryheat.js]
[localhost/olabs/CHE/ORG/Qualitative_Analysis/js/simcontrols_potassium.js]
[localhost/olabs/CHE/ORG/Qualitative_Analysis/js/simcontrols_concSulphuricAcid.js]
[localhost/olabs/CHE/ORG/Qualitative_Analysis/js/simcontrols_carbonate.js]
[localhost/olabs/CHE/ORG/Qualitative_Analysis/js/help_carbonate.js]
[localhost/olabs/CHE/ORG/Qualitative_Analysis/js/help_sulphite.js]
[localhost/olabs/CHE/ORG/Qualitative_Analysis/js/help_sulphide.js]
[localhost/olabs/CHE/ORG/Qualitative_Analysis/js/help_nitrite.js]
[localhost/olabs/CHE/ORG/Qualitative_Analysis/js/help_nitrate.js]
[localhost/olabs/CHE/ORG/Qualitative_Analysis/js/simcontrols_acetate.js]
[localhost/olabs/CHE/ORG/Qualitative_Analysis/js/simcontrols_chlorideSilvernitrate.js]
[localhost/olabs/CHE/ORG/Qualitative_Analysis/js/simcontrols_chlorideMaganeseDioxide.js]
[localhost/olabs/CHE/ORG/Qualitative_Analysis/js/simcontrols_chromylChloride.js]
[localhost/olabs/CHE/ORG/Qualitative_Analysis/js/simcontrols_chlorineWaterTest.js]
[localhost/olabs/CHE/ORG/Qualitative_Analysis/js/simcontrols_esterTest.js]
[localhost/olabs/CHE/ORG/Qualitative_Analysis/js/simcontrols_ferricChloride.js]
[localhost/olabs/CHE/ORG/Qualitative_Analysis/js/simcontrols_calciumChlorideTest.js]
[localhost/olabs/CHE/ORG/Qualitative_Analysis/js/simcontrols_oxalatePotassium.js]
[localhost/olabs/CHE/ORG/Qualitative_Analysis/js/simcontrols_magnesiaMixtureTest.js]
[localhost/olabs/CHE/ORG/Qualitative_Analysis/images/Inference.png]
[localhost/olabs/CHE/ORG/Qualitative_Analysis/images/watchglass.png]
[localhost/olabs/CHE/ORG/Qualitative_Analysis/images/salt.png]
[localhost/olabs/CHE/ORG/Qualitative_Analysis/images/dropper.png]
[localhost/olabs/CHE/ORG/Qualitative_Analysis/images/drop.png]
[localhost/olabs/CHE/ORG/Qualitative_Analysis/images/bottle.png]
[localhost/olabs/CHE/ORG/Qualitative_Analysis/images/tooltip.png]
[localhost/olabs/CHE/ORG/Qualitative_Analysis/images/hand.png]
[localhost/olabs/CHE/ORG/Qualitative_Analysis/images/dryHeatTest/smoke.png]
[localhost/olabs/CHE/ORG/Qualitative_Analysis/images/dryHeatTest/tube.png]
[localhost/olabs/CHE/ORG/Qualitative_Analysis/images/dryHeatTest/cork.png]
[localhost/olabs/CHE/ORG/Qualitative_Analysis/images/dryHeatTest/limewater.png]
[localhost/olabs/CHE/ORG/Qualitative_Analysis/images/dryHeatTest/rosepaper.png]
[localhost/olabs/CHE/ORG/Qualitative_Analysis/images/dryHeatTest/nh3bottle.png]
[localhost/olabs/CHE/ORG/Qualitative_Analysis/images/dryHeatTest/glassrod.png]
[localhost/olabs/CHE/ORG/Qualitative_Analysis/images/dryHeatTest/yellowpaper.png]
[localhost/olabs/CHE/ORG/Qualitative_Analysis/images/dryHeatTest/whitepaper.png]
[localhost/olabs/CHE/ORG/Qualitative_Analysis/images/dryHeatTest/salt.png]
[localhost/olabs/CHE/ORG/Qualitative_Analysis/images/dryHeatTest/stand.png]
[localhost/olabs/CHE/ORG/Qualitative_Analysis/images/dryHeatTest/milkysolution.png]
[localhost/olabs/CHE/ORG/Qualitative_Analysis/images/dryHeatTest/bunorOn.png]
[localhost/olabs/CHE/ORG/Qualitative_Analysis/images/dryHeatTest/bunorOff.png]
[localhost/olabs/CHE/ORG/Qualitative_Analysis/images/dryHeatTest/flame1.png]
[localhost/olabs/CHE/ORG/Qualitative_Analysis/images/dryHeatTest/flame2.png]
[localhost/olabs/CHE/ORG/Qualitative_Analysis/images/dryHeatTest/flame3.png]
[localhost/olabs/CHE/ORG/Qualitative_Analysis/images/dryHeatTest/flame4.png]
[localhost/olabs/CHE/ORG/Qualitative_Analysis/images/dryHeatTest/blackrosepaper.png]
[localhost/olabs/CHE/ORG/Qualitative_Analysis/images/dryHeatTest/inference.png]
[localhost/olabs/CHE/ORG/Qualitative_Analysis/images/carbonateTest/colorlessSoln.png]
[localhost/olabs/CHE/ORG/Qualitative_Analysis/images/carbonateTest/testtube.png]
[localhost/olabs/CHE/ORG/Qualitative_Analysis/images/carbonateTest/stand.png]
[localhost/olabs/CHE/ORG/Qualitative_Analysis/images/carbonateTest/saltSoln.png]
[localhost/olabs/CHE/ORG/Qualitative_Analysis/images/potassiumPermanganateTest/dropperSolution1.png]
[localhost/olabs/CHE/ORG/Qualitative_Analysis/images/standBurner1.png]
[localhost/olabs/CHE/ORG/Qualitative_Analysis/images/potassiumPermanganateTest/smokeColorless.png]
[localhost/olabs/CHE/ORG/Qualitative_Analysis/images/testtube.png]
[localhost/olabs/CHE/ORG/Qualitative_Analysis/images/flame1.png]
[localhost/olabs/CHE/ORG/Qualitative_Analysis/images/burnerOff.png]
[localhost/olabs/CHE/ORG/Qualitative_Analysis/images/burnerOn.png]
[localhost/olabs/CHE/ORG/Qualitative_Analysis/images/glassrod.png]
[localhost/olabs/CHE/ORG/Qualitative_Analysis/images/cork.png]
[localhost/olabs/CHE/ORG/Qualitative_Analysis/images/deliveryTube.png]
[localhost/olabs/CHE/ORG/Qualitative_Analysis/images/standBurner2.png]
[localhost/olabs/CHE/ORG/Qualitative_Analysis/images/whiteFumes.png]
[localhost/olabs/CHE/ORG/Qualitative_Analysis/images/ChromylChloride/redVapour.png]
[localhost/olabs/CHE/ORG/Qualitative_Analysis/images/singleStand.png]
[localhost/olabs/CHE/ORG/Qualitative_Analysis/images/ferricTesttube.png]
[localhost/olabs/CHE/ORG/Qualitative_Analysis/images/SulphideTest/BlackPpt.png]
[localhost/olabs/CHE/ORG/Qualitative_Analysis/images/beaker.png]
[localhost/olabs/CHE/ORG/Qualitative_Analysis/images/filterFunnel.png]
[localhost/olabs/CHE/ORG/Qualitative_Analysis/images/doubleStand.png]
[localhost/olabs/CHE/ORG/Qualitative_Analysis/images/brownDrop.png]
[localhost/olabs/CHE/ORG/Qualitative_Analysis/images/dropperFerric.png]
[localhost/olabs/CHE/ORG/Qualitative_Analysis/images/brownBottle.png]
[localhost/olabs/CHE/ORG/Qualitative_Analysis/images/saltMix.png]
[localhost/olabs/CHE/ORG/Qualitative_Analysis/images/ChlorideSilvernitrate/dropperSolution.png]
[localhost/olabs/CHE/ORG/Qualitative_Analysis/images/whitePpt.png]
[localhost/olabs/CHE/ORG/Qualitative_Analysis/images/ChlorideManganeseDioxide/MnO2.png]
[localhost/olabs/CHE/ORG/Qualitative_Analysis/images/ChromylChloride/potassiumDichromate.png]
[localhost/olabs/CHE/ORG/Qualitative_Analysis/images/clockBody.png]
[localhost/olabs/CHE/ORG/Qualitative_Analysis/images/needle.png]
[localhost/olabs/html5/index4d10.html]
[localhost/olabs/html5/js/jquery-latest.js]
[localhost/olabs/html5/js/jquery/ui/1.8.21/jquery-ui.min.js]
[localhost/olabs/html5/js/jquery.qtip-1.0.0.min.js]
[localhost/olabs/CHE/ANC/Determination_of_melting_point/images/stand&thermosmall.png]
[localhost/olabs/CHE/ANC/Determination_of_melting_point/images/beaker_under.png]
[localhost/olabs/CHE/ANC/Determination_of_melting_point/images/water_under.png]
[localhost/olabs/CHE/ANC/Determination_of_melting_point/images/water_top.png]
[localhost/olabs/CHE/ANC/Determination_of_melting_point/images/beaker_top.png]
[localhost/olabs/CHE/ANC/Determination_of_melting_point/images/burner.png]
[localhost/olabs/CHE/ANC/Determination_of_melting_point/images/flame.png]
[localhost/olabs/CHE/ANC/Determination_of_melting_point/images/stirrer.png]
[localhost/olabs/CHE/ANC/Determination_of_melting_point/images/zoom_area.png]
[localhost/olabs/CHE/ANC/Determination_of_melting_point/images/thermo.png]
[localhost/olabs/CHE/ANC/Determination_of_melting_point/images/arrow.png]
[localhost/olabs/CHE/ANC/Determination_of_melting_point/images/powder&tube.png]
[localhost/olabs/CHE/ANC/Determination_of_melting_point/images/zoomarea_Cap.png]
[localhost/olabs/CHE/ANC/Determination_of_melting_point/images/capillary_tube.png]
[localhost/olabs/CHE/ANC/Determination_of_melting_point/images/powder_capillary.png]
[localhost/olabs/CHE/ANC/Determination_of_melting_point/images/water_testtube.png]
[localhost/olabs/CHE/ANC/Determination_of_melting_point/images/Chart.png]
[localhost/olabs/CHE/ANC/Determination_of_melting_point/js/simcontrols.js]
[localhost/olabs/html5/index42c2.html]
[localhost/olabs/CHE/PHC/Surface_Chemistry/locale/en-IN/language.js]
[localhost/olabs/CHE/PHC/Surface_Chemistry/js/help_aluminiumHydroxide.js]
[localhost/olabs/CHE/PHC/Surface_Chemistry/js/help_arseniousSulphide.js]
[localhost/olabs/CHE/PHC/Surface_Chemistry/js/help_starch.js]
[localhost/olabs/CHE/PHC/Surface_Chemistry/js/help_ferricHydroxide.js]
[localhost/olabs/CHE/PHC/Surface_Chemistry/js/help_gum.js]
[localhost/olabs/CHE/PHC/Surface_Chemistry/js/help_egg.js]
[localhost/olabs/CHE/PHC/Surface_Chemistry/js/simcontrols.js]
[localhost/olabs/CHE/PHC/Surface_Chemistry/js/simcontrols_starch.js]
[localhost/olabs/CHE/PHC/Surface_Chemistry/js/simcontrols_gum.js]
[localhost/olabs/CHE/PHC/Surface_Chemistry/js/simcontrols_ferricHydroxide.js]
[localhost/olabs/CHE/PHC/Surface_Chemistry/js/simcontrols_aluminiumHydroxide.js]
[localhost/olabs/CHE/PHC/Surface_Chemistry/js/simcontrols_arseniousSulphide.js]
[localhost/olabs/CHE/PHC/Surface_Chemistry/js/simcontrols_Eggalbumin.js]
[localhost/olabs/CHE/PHC/Surface_Chemistry/js/help.js]
[localhost/olabs/CHE/PHC/Surface_Chemistry/images/background.jpg]
[localhost/olabs/CHE/PHC/Surface_Chemistry/images/drop.png]
[localhost/olabs/CHE/PHC/Surface_Chemistry/images/burner.png]
[localhost/olabs/CHE/PHC/Surface_Chemistry/images/watchglass_Shadow.png]
[localhost/olabs/CHE/PHC/Surface_Chemistry/images/watchglass.png]
[localhost/olabs/CHE/PHC/Surface_Chemistry/images/gum_Paste.png]
[localhost/olabs/CHE/PHC/Surface_Chemistry/images/label.png]
[localhost/olabs/CHE/PHC/Surface_Chemistry/images/beaker.png]
[localhost/olabs/CHE/PHC/Surface_Chemistry/images/glassRod_Stand.png]
[localhost/olabs/CHE/PHC/Surface_Chemistry/images/glassRod.png]
[localhost/olabs/CHE/PHC/Surface_Chemistry/images/standWith_Funnel.png]
[localhost/olabs/CHE/PHC/Surface_Chemistry/images/waterFive.png]
[localhost/olabs/CHE/PHC/Surface_Chemistry/images/burnerOn.png]
[localhost/olabs/CHE/PHC/Surface_Chemistry/images/flame1.png]
[localhost/olabs/CHE/PHC/Surface_Chemistry/images/flame2.png]
[localhost/olabs/CHE/PHC/Surface_Chemistry/images/flame3.png]
[localhost/olabs/CHE/PHC/Surface_Chemistry/images/flame4.png]
[localhost/olabs/CHE/PHC/Surface_Chemistry/images/flame5.png]
[localhost/olabs/CHE/PHC/Surface_Chemistry/images/powderPour.png]
[localhost/olabs/CHE/PHC/Surface_Chemistry/images/button.png]
[localhost/olabs/CHE/PHC/Surface_Chemistry/images/funnelStand.png]
[localhost/olabs/CHE/PHC/Surface_Chemistry/images/balloonOne.png]
[localhost/olabs/CHE/PHC/Surface_Chemistry/images/balloonFilled.png]
[localhost/olabs/CHE/PHC/Surface_Chemistry/images/beakerShadow_two.png]
[localhost/olabs/CHE/PHC/Surface_Chemistry/images/beaker_two.png]
[localhost/olabs/CHE/PHC/Surface_Chemistry/images/conicalFlask.png]
[localhost/olabs/CHE/PHC/Surface_Chemistry/images/conicalFlask_Shadow.png]
[localhost/olabs/CHE/PHC/Surface_Chemistry/images/bottleBrown.png]
[localhost/olabs/CHE/PHC/Surface_Chemistry/images/dropper.png]
[localhost/olabs/CHE/PHC/Surface_Chemistry/images/dropperSolution.png]
[localhost/olabs/CHE/PHC/Surface_Chemistry/images/dropperSolution_Idn.png]
[localhost/olabs/CHE/PHC/Surface_Chemistry/images/stand.png]
[localhost/olabs/CHE/PHC/Surface_Chemistry/images/testtube.png]
[localhost/olabs/CHE/PHC/Surface_Chemistry/images/drop_idn.png]
[localhost/olabs/CHE/PHC/Surface_Chemistry/images/popup.png]
[localhost/olabs/CHE/PHC/Surface_Chemistry/images/waterFivefrc_one.png]
[localhost/olabs/CHE/PHC/Surface_Chemistry/images/bottlewht.png]
[localhost/olabs/CHE/PHC/Surface_Chemistry/images/fogOne.png]
[localhost/olabs/CHE/PHC/Surface_Chemistry/images/fogTwo.png]
[localhost/olabs/CHE/PHC/Surface_Chemistry/images/fogThree.png]
[localhost/olabs/CHE/PHC/Surface_Chemistry/images/bottle.png]
[localhost/olabs/CHE/PHC/Surface_Chemistry/images/funnelStand_2.png]
[localhost/olabs/CHE/PHC/Surface_Chemistry/images/balloonMouth.png]
[localhost/olabs/CHE/PHC/Surface_Chemistry/images/bottleBrown1.png]
[localhost/olabs/CHE/PHC/Surface_Chemistry/images/testtube2.png]
[localhost/olabs/CHE/PHC/Surface_Chemistry/images/stand1.png]
[localhost/olabs/CHE/PHC/Surface_Chemistry/images/Ammonium sulphate.png]
[localhost/olabs/CHE/PHC/Surface_Chemistry/images/kibbsApparatus.png]
[localhost/olabs/CHE/PHC/Surface_Chemistry/images/tapOff.png]
[localhost/olabs/CHE/PHC/Surface_Chemistry/images/tapOn.png]
[localhost/olabs/CHE/PHC/Surface_Chemistry/images/beakerSmall.png]
[localhost/olabs/CHE/PHC/Surface_Chemistry/images/eggAlbuminSln.png]
[localhost/olabs/CHE/PHC/Surface_Chemistry/images/clock.png]
[localhost/olabs/CHE/PHC/Surface_Chemistry/images/clock_Needle.png]
[localhost/olabs/CHE/PHC/Surface_Chemistry/images/inference.png]
[localhost/olabs/html5/index02c7.html]
[localhost/olabs/CHE/PHC/Effectiveness_of_common_oils/js/simcontrols.js]
[localhost/olabs/CHE/PHC/Effectiveness_of_common_oils/js/jQueryRotate.js]
[localhost/olabs/CHE/PHC/Effectiveness_of_common_oils/js/Gettext.js]
[localhost/olabs/CHE/PHC/Effectiveness_of_common_oils/js/help.js]
[localhost/olabs/CHE/PHC/Effectiveness_of_common_oils/images/BG.png]
[localhost/olabs/CHE/PHC/Effectiveness_of_common_oils/images/solLabel.png]
[localhost/olabs/CHE/PHC/Effectiveness_of_common_oils/images/Measuringjarslution.png]
[localhost/olabs/CHE/PHC/Effectiveness_of_common_oils/images/Measuring jar shadow.png]
[localhost/olabs/CHE/PHC/Effectiveness_of_common_oils/images/Measuringjar.png]
[localhost/olabs/CHE/PHC/Effectiveness_of_common_oils/images/Droppersolution.png]
[localhost/olabs/CHE/PHC/Effectiveness_of_common_oils/images/Dropper.png]
[localhost/olabs/CHE/PHC/Effectiveness_of_common_oils/images/waterdrop.png]
[localhost/olabs/CHE/PHC/Effectiveness_of_common_oils/images/Dropperstand.png]
[localhost/olabs/CHE/PHC/Effectiveness_of_common_oils/images/waterinbottle.png]
[localhost/olabs/CHE/PHC/Effectiveness_of_common_oils/images/Castoroil.png]
[localhost/olabs/CHE/PHC/Effectiveness_of_common_oils/images/Cork.png]
[localhost/olabs/CHE/PHC/Effectiveness_of_common_oils/images/Bottle.png]
[localhost/olabs/CHE/PHC/Effectiveness_of_common_oils/images/bottle shadow.png]
[localhost/olabs/CHE/PHC/Effectiveness_of_common_oils/images/Beaker.png]
[localhost/olabs/CHE/PHC/Effectiveness_of_common_oils/images/detergentinbeaker.png]
[localhost/olabs/CHE/PHC/Effectiveness_of_common_oils/images/Beaker shadow.png]
[localhost/olabs/CHE/PHC/Effectiveness_of_common_oils/images/stop_watch.png]
[localhost/olabs/CHE/PHC/Effectiveness_of_common_oils/images/stopwatchredlight.png]
[localhost/olabs/CHE/PHC/Effectiveness_of_common_oils/images/stopwatch_greenlight.png]
[localhost/olabs/CHE/PHC/Effectiveness_of_common_oils/images/clockBody.png]
[localhost/olabs/CHE/PHC/Effectiveness_of_common_oils/images/needle.png]
[localhost/olabs/html5/index0bc1.html]
[localhost/olabs/CHE/SOL/Separation-of-components-of-a-mixture/js/runtime.js]
[localhost/olabs/CHE/SOL/Separation-of-components-of-a-mixture/js/swiffy_Animation.js]
[localhost/olabs/CHE/SOL/Separation-of-components-of-a-mixture/js/help.js]
[localhost/olabs/CHE/SOL/Separation-of-components-of-a-mixture/images/watertopoval.png]
[localhost/olabs/CHE/SOL/Separation-of-components-of-a-mixture/images/side_L.png]
[localhost/olabs/CHE/SOL/Separation-of-components-of-a-mixture/images/inference.png]
[localhost/olabs/CHE/SOL/Separation-of-components-of-a-mixture/images/precaution.png]
[localhost/olabs/CHE/SOL/Separation-of-components-of-a-mixture/images/chinadish1.png]
[localhost/olabs/CHE/SOL/Separation-of-components-of-a-mixture/images/chinadish2.png]
[localhost/olabs/CHE/SOL/Separation-of-components-of-a-mixture/images/chinadish3.png]
[localhost/olabs/CHE/SOL/Separation-of-components-of-a-mixture/images/chinadish4.png]
[localhost/olabs/CHE/SOL/Separation-of-components-of-a-mixture/images/chinadish5.png]
[localhost/olabs/CHE/SOL/Separation-of-components-of-a-mixture/images/beakerstillEvap.png]
[localhost/olabs/CHE/SOL/Separation-of-components-of-a-mixture/images/chinadishshdaow.png]
[localhost/olabs/CHE/SOL/Separation-of-components-of-a-mixture/images/burner.png]
[localhost/olabs/CHE/SOL/Separation-of-components-of-a-mixture/images/funnel.png]
[localhost/olabs/CHE/SOL/Separation-of-components-of-a-mixture/images/funnelshadow.png]
[localhost/olabs/CHE/SOL/Separation-of-components-of-a-mixture/images/funnelvapour.png]
[localhost/olabs/CHE/SOL/Separation-of-components-of-a-mixture/images/watchglass.png]
[localhost/olabs/CHE/SOL/Separation-of-components-of-a-mixture/images/comp1.png]
[localhost/olabs/CHE/SOL/Separation-of-components-of-a-mixture/images/filterationstand.png]
[localhost/olabs/CHE/SOL/Separation-of-components-of-a-mixture/images/beakerrightsmall.png]
[localhost/olabs/CHE/SOL/Separation-of-components-of-a-mixture/images/Chinadishunder.png]
[localhost/olabs/CHE/SOL/Separation-of-components-of-a-mixture/images/Chinadishtop.png]
[localhost/olabs/CHE/SOL/Separation-of-components-of-a-mixture/images/flame1.png]
[localhost/olabs/CHE/SOL/Separation-of-components-of-a-mixture/images/flame2.png]
[localhost/olabs/CHE/SOL/Separation-of-components-of-a-mixture/images/flame3.png]
[localhost/olabs/CHE/SOL/Separation-of-components-of-a-mixture/images/flame4.png]
[localhost/olabs/CHE/SOL/Separation-of-components-of-a-mixture/images/sandstir2.png]
[localhost/olabs/CHE/SOL/Separation-of-components-of-a-mixture/images/sandstir3.png]
[localhost/olabs/CHE/SOL/Separation-of-components-of-a-mixture/images/sandstir4.png]
[localhost/olabs/CHE/SOL/Separation-of-components-of-a-mixture/images/sandstir5.png]
[localhost/olabs/CHE/SOL/Separation-of-components-of-a-mixture/images/soil2.png]
[localhost/olabs/CHE/SOL/Separation-of-components-of-a-mixture/images/soil3.png]
[localhost/olabs/CHE/SOL/Separation-of-components-of-a-mixture/images/soil4.png]
[localhost/olabs/CHE/SOL/Separation-of-components-of-a-mixture/images/soil5.png]
[localhost/olabs/CHE/SOL/Separation-of-components-of-a-mixture/images/drops.png]
[localhost/olabs/CHE/SOL/Separation-of-components-of-a-mixture/images/dropsand.png]
[localhost/olabs/CHE/SOL/Separation-of-components-of-a-mixture/images/dropsoil.png]
[localhost/olabs/CHE/SOL/Separation-of-components-of-a-mixture/images/powderinwatchglass1.png]
[localhost/olabs/CHE/SOL/Separation-of-components-of-a-mixture/images/nextbtn.png]
[localhost/olabs/CHE/SOL/Separation-of-components-of-a-mixture/images/waterbeakerstill.png]
[localhost/olabs/CHE/SOL/Separation-of-components-of-a-mixture/images/waterbeakershadow.png]
[localhost/olabs/CHE/SOL/Separation-of-components-of-a-mixture/images/emptybeakerstill.png]
[localhost/olabs/CHE/SOL/Separation-of-components-of-a-mixture/images/sandstir1.png]
[localhost/olabs/CHE/SOL/Separation-of-components-of-a-mixture/images/sandstir6.png]
[localhost/olabs/CHE/SOL/Separation-of-components-of-a-mixture/images/soil1.png]
[localhost/olabs/CHE/SOL/Separation-of-components-of-a-mixture/images/soil6.png]
[localhost/olabs/CHE/SOL/Separation-of-components-of-a-mixture/images/rod.png]
[localhost/olabs/CHE/SOL/Separation-of-components-of-a-mixture/images/filterfunnel.png]
[localhost/olabs/CHE/SOL/Separation-of-components-of-a-mixture/images/spatulapowder.png]
[localhost/olabs/CHE/SOL/Separation-of-components-of-a-mixture/images/spatulapowdersand.png]
[localhost/olabs/CHE/SOL/Separation-of-components-of-a-mixture/images/spatulapowdersoil.png]
[localhost/olabs/CHE/SOL/Separation-of-components-of-a-mixture/images/spatulapowder2.png]
[localhost/olabs/CHE/SOL/Separation-of-components-of-a-mixture/images/spatula.png]
[localhost/olabs/CHE/SOL/Separation-of-components-of-a-mixture/js/simcontrols.js]
[localhost/olabs/html5/index2693.html]
[localhost/olabs/CHE/ORG/Reactivity_of_Metals/js/help.js]
[localhost/olabs/CHE/ORG/Reactivity_of_Metals/locale/en-IN/LC_MESSAGES/language.js]
[localhost/olabs/CHE/ORG/Reactivity_of_Metals/images/correct.png]
[localhost/olabs/CHE/ORG/Reactivity_of_Metals/images/BG.gif]
[localhost/olabs/CHE/ORG/Reactivity_of_Metals/images/beakers.png]
[localhost/olabs/CHE/ORG/Reactivity_of_Metals/images/clockBody.png]
[localhost/olabs/CHE/ORG/Reactivity_of_Metals/images/needle.png]
[localhost/olabs/CHE/ORG/Reactivity_of_Metals/images/Al2drag.png]
[localhost/olabs/CHE/ORG/Reactivity_of_Metals/images/aluminium.png]
[localhost/olabs/CHE/ORG/Reactivity_of_Metals/images/forceps.png]
[localhost/olabs/CHE/ORG/Reactivity_of_Metals/images/metalPiece1.png]
[localhost/olabs/CHE/ORG/Reactivity_of_Metals/images/waterwhite.png]
[localhost/olabs/CHE/ORG/Reactivity_of_Metals/images/watergreen.png]
[localhost/olabs/CHE/ORG/Reactivity_of_Metals/images/waterblue.png]
[localhost/olabs/CHE/ORG/Reactivity_of_Metals/images/coppersulphate_Aluminium.png]
[localhost/olabs/CHE/ORG/Reactivity_of_Metals/images/Zincsulphate_Aluminium.png]
[localhost/olabs/CHE/ORG/Reactivity_of_Metals/images/Ferroussulphate_Aluminium.png]
[localhost/olabs/CHE/ORG/Reactivity_of_Metals/images/coppersulphate_zinc.png]
[localhost/olabs/CHE/ORG/Reactivity_of_Metals/images/Ferroussulphate_zinc.png]
[localhost/olabs/CHE/ORG/Reactivity_of_Metals/images/coppersulphate_Iron.png]
[localhost/olabs/CHE/ORG/Reactivity_of_Metals/images/wave.png]
[localhost/olabs/CHE/ORG/Reactivity_of_Metals/images/splash1.png]
[localhost/olabs/CHE/ORG/Reactivity_of_Metals/images/splash2.png]
[localhost/olabs/CHE/ORG/Reactivity_of_Metals/images/inform.png]
[localhost/olabs/CHE/ORG/Reactivity_of_Metals/js/simcontrols.js]
[localhost/olabs/CHE/ORG/Reactivity_of_Metals/js/responsive.js]
[localhost/olabs/html5/indexf284.html]
[localhost/olabs/CHE/SOL/Properties_of_mixture_and_Compound/js/swiffy_Animation.js]
[localhost/olabs/CHE/SOL/Properties_of_mixture_and_Compound/js/help.js]
[localhost/olabs/CHE/SOL/Properties_of_mixture_and_Compound/js/jQueryRotate.2.2.js]
[localhost/olabs/html5/js/swiffy/runtime.js]
[localhost/olabs/CHE/SOL/Properties_of_mixture_and_Compound/locale/en-IN/LC_MESSAGES/language.js]
[localhost/olabs/CHE/SOL/Properties_of_mixture_and_Compound/images/BG.gif]
[localhost/olabs/CHE/SOL/Properties_of_mixture_and_Compound/images/watchGlass.png]
[localhost/olabs/CHE/SOL/Properties_of_mixture_and_Compound/images/watchGlass2.png]
[localhost/olabs/CHE/SOL/Properties_of_mixture_and_Compound/images/mixtureA.gif]
[localhost/olabs/CHE/SOL/Properties_of_mixture_and_Compound/images/compoundB.gif]
[localhost/olabs/CHE/SOL/Properties_of_mixture_and_Compound/images/magnet.png]
[localhost/olabs/CHE/SOL/Properties_of_mixture_and_Compound/images/Magnet_mix.png]
[localhost/olabs/CHE/SOL/Properties_of_mixture_and_Compound/images/mixtureafterStick.png]
[localhost/olabs/CHE/SOL/Properties_of_mixture_and_Compound/images/mixtureA1.gif]
[localhost/olabs/CHE/SOL/Properties_of_mixture_and_Compound/images/mixtureA2.gif]
[localhost/olabs/CHE/SOL/Properties_of_mixture_and_Compound/images/mixtureA3.gif]
[localhost/olabs/CHE/SOL/Properties_of_mixture_and_Compound/images/mixtureA4.png]
[localhost/olabs/CHE/SOL/Properties_of_mixture_and_Compound/images/blackmass1.gif]
[localhost/olabs/CHE/SOL/Properties_of_mixture_and_Compound/images/blackmass2.png]
[localhost/olabs/CHE/SOL/Properties_of_mixture_and_Compound/images/blackmass3.png]
[localhost/olabs/CHE/SOL/Properties_of_mixture_and_Compound/images/blackmass4.png]
[localhost/olabs/CHE/SOL/Properties_of_mixture_and_Compound/images/carbondisulphidebotl.png]
[localhost/olabs/CHE/SOL/Properties_of_mixture_and_Compound/images/carbondisulphidesoln.png]
[localhost/olabs/CHE/SOL/Properties_of_mixture_and_Compound/images/dropper.png]
[localhost/olabs/CHE/SOL/Properties_of_mixture_and_Compound/images/dropperSoln.png]
[localhost/olabs/CHE/SOL/Properties_of_mixture_and_Compound/images/testTube.png]
[localhost/olabs/CHE/SOL/Properties_of_mixture_and_Compound/images/testtubeShadow.png]
[localhost/olabs/CHE/SOL/Properties_of_mixture_and_Compound/images/mixtureinTesttube.png]
[localhost/olabs/CHE/SOL/Properties_of_mixture_and_Compound/images/testTubeSoln.png]
[localhost/olabs/CHE/SOL/Properties_of_mixture_and_Compound/images/solutionAftershake.png]
[localhost/olabs/CHE/SOL/Properties_of_mixture_and_Compound/images/testubeAfterPour.png]
[localhost/olabs/CHE/SOL/Properties_of_mixture_and_Compound/images/labelboard.png]
[localhost/olabs/CHE/SOL/Properties_of_mixture_and_Compound/images/labelCuSO4.png]
[localhost/olabs/CHE/SOL/Properties_of_mixture_and_Compound/images/petridishTop.png]
[localhost/olabs/CHE/SOL/Properties_of_mixture_and_Compound/images/petridishUnder.png]
[localhost/olabs/CHE/SOL/Properties_of_mixture_and_Compound/images/solutionStill.png]
[localhost/olabs/CHE/SOL/Properties_of_mixture_and_Compound/images/particle.png]
[localhost/olabs/CHE/SOL/Properties_of_mixture_and_Compound/images/clockBody.png]
[localhost/olabs/CHE/SOL/Properties_of_mixture_and_Compound/images/needle.png]
[localhost/olabs/CHE/SOL/Properties_of_mixture_and_Compound/images/burner.png]
[localhost/olabs/CHE/SOL/Properties_of_mixture_and_Compound/images/switchOff.png]
[localhost/olabs/CHE/SOL/Properties_of_mixture_and_Compound/images/switchOn.png]
[localhost/olabs/CHE/SOL/Properties_of_mixture_and_Compound/images/flame1.png]
[localhost/olabs/CHE/SOL/Properties_of_mixture_and_Compound/images/flame2.png]
[localhost/olabs/CHE/SOL/Properties_of_mixture_and_Compound/images/flame3.png]
[localhost/olabs/CHE/SOL/Properties_of_mixture_and_Compound/images/flame4.png]
[localhost/olabs/CHE/SOL/Properties_of_mixture_and_Compound/images/dishTop.png]
[localhost/olabs/CHE/SOL/Properties_of_mixture_and_Compound/images/dishUnder.png]
[localhost/olabs/CHE/SOL/Properties_of_mixture_and_Compound/images/mixtureIndish.gif]
[localhost/olabs/CHE/SOL/Properties_of_mixture_and_Compound/images/mixtureAfterheat.png]
[localhost/olabs/CHE/SOL/Properties_of_mixture_and_Compound/images/dilHclStill.png]
[localhost/olabs/CHE/SOL/Properties_of_mixture_and_Compound/images/standUnder.png]
[localhost/olabs/CHE/SOL/Properties_of_mixture_and_Compound/images/testubeScene5.png]
[localhost/olabs/CHE/SOL/Properties_of_mixture_and_Compound/images/bentTube.png]
[localhost/olabs/CHE/SOL/Properties_of_mixture_and_Compound/images/mixParticleforHcl.png]
[localhost/olabs/CHE/SOL/Properties_of_mixture_and_Compound/images/blackSoln.png]
[localhost/olabs/CHE/SOL/Properties_of_mixture_and_Compound/images/bluesoln.png]
[localhost/olabs/CHE/SOL/Properties_of_mixture_and_Compound/images/rod.png]
[localhost/olabs/CHE/SOL/Properties_of_mixture_and_Compound/images/switchOffscene5.png]
[localhost/olabs/CHE/SOL/Properties_of_mixture_and_Compound/images/drops.png]
[localhost/olabs/CHE/SOL/Properties_of_mixture_and_Compound/images/matchStick.png]
[localhost/olabs/CHE/SOL/Properties_of_mixture_and_Compound/images/matchStickFlame.png]
[localhost/olabs/CHE/SOL/Properties_of_mixture_and_Compound/images/flameblastDark.png]
[localhost/olabs/CHE/SOL/Properties_of_mixture_and_Compound/images/stickflame1.png]
[localhost/olabs/CHE/SOL/Properties_of_mixture_and_Compound/images/stickflame2.png]
[localhost/olabs/CHE/SOL/Properties_of_mixture_and_Compound/images/stickflame3.png]
[localhost/olabs/CHE/SOL/Properties_of_mixture_and_Compound/images/smoke12.png]
[localhost/olabs/CHE/SOL/Properties_of_mixture_and_Compound/images/inform.png]
[localhost/olabs/CHE/SOL/Properties_of_mixture_and_Compound/js/simcontrols.js]
[localhost/olabs/CHE/SOL/Properties_of_mixture_and_Compound/images/mixture.png]
[localhost/olabs/CHE/SOL/Properties_of_mixture_and_Compound/images/compound.png]
[localhost/olabs/html5/index0a51.html]
[localhost/olabs/CHE/PHC/Chemical_Reactions/js/help.js]
[localhost/olabs/CHE/PHC/Chemical_Reactions/js/simcontrols.js]
[localhost/olabs/CHE/PHC/Chemical_Reactions/locale/en-IN/language.js]
[localhost/olabs/CHE/PHC/Chemical_Reactions/images/inference.png]
[localhost/olabs/CHE/PHC/Chemical_Reactions/images/rBoard.png]
[localhost/olabs/CHE/PHC/Chemical_Reactions/images/right.png]
[localhost/olabs/CHE/PHC/Chemical_Reactions/images/wrong.png]
[localhost/olabs/CHE/PHC/Chemical_Reactions/images/BG1.gif]
[localhost/olabs/CHE/PHC/Chemical_Reactions/images/dishunder1.png]
[localhost/olabs/CHE/PHC/Chemical_Reactions/images/scene1flame1.png]
[localhost/olabs/CHE/PHC/Chemical_Reactions/images/scene1flame2.png]
[localhost/olabs/CHE/PHC/Chemical_Reactions/images/scene1flame3.png]
[localhost/olabs/CHE/PHC/Chemical_Reactions/images/scene1flame4.png]
[localhost/olabs/CHE/PHC/Chemical_Reactions/images/scene1flame5.png]
[localhost/olabs/CHE/PHC/Chemical_Reactions/images/burner1.png]
[localhost/olabs/CHE/PHC/Chemical_Reactions/images/label1.png]
[localhost/olabs/CHE/PHC/Chemical_Reactions/images/litmusblue.png]
[localhost/olabs/CHE/PHC/Chemical_Reactions/images/litmusred.png]
[localhost/olabs/CHE/PHC/Chemical_Reactions/images/powder.png]
[localhost/olabs/CHE/PHC/Chemical_Reactions/images/burner1off.png]
[localhost/olabs/CHE/PHC/Chemical_Reactions/images/burner1on.png]
[localhost/olabs/CHE/PHC/Chemical_Reactions/images/spatula1.png]
[localhost/olabs/CHE/PHC/Chemical_Reactions/images/whiteSpatula.png]
[localhost/olabs/CHE/PHC/Chemical_Reactions/images/tong1.png]
[localhost/olabs/CHE/PHC/Chemical_Reactions/images/ashes.png]
[localhost/olabs/CHE/PHC/Chemical_Reactions/images/smokes/smokes1.png]
[localhost/olabs/CHE/PHC/Chemical_Reactions/images/smokes/smokes2.png]
[localhost/olabs/CHE/PHC/Chemical_Reactions/images/smokes/smokes3.png]
[localhost/olabs/CHE/PHC/Chemical_Reactions/images/smokes/smokes4.png]
[localhost/olabs/CHE/PHC/Chemical_Reactions/images/smokes/smokes5.png]
[localhost/olabs/CHE/PHC/Chemical_Reactions/images/spark/spark1.png]
[localhost/olabs/CHE/PHC/Chemical_Reactions/images/spark/spark2.png]
[localhost/olabs/CHE/PHC/Chemical_Reactions/images/spark/spark3.png]
[localhost/olabs/CHE/PHC/Chemical_Reactions/images/spark/spark4.png]
[localhost/olabs/CHE/PHC/Chemical_Reactions/images/spark/spark5.png]
[localhost/olabs/CHE/PHC/Chemical_Reactions/images/dishtop1.png]
[localhost/olabs/CHE/PHC/Chemical_Reactions/images/BG2.gif]
[localhost/olabs/CHE/PHC/Chemical_Reactions/images/shadow2.png]
[localhost/olabs/CHE/PHC/Chemical_Reactions/images/iceCubes2.png]
[localhost/olabs/CHE/PHC/Chemical_Reactions/images/dishwater2.png]
[localhost/olabs/CHE/PHC/Chemical_Reactions/images/dish2.png]
[localhost/olabs/CHE/PHC/Chemical_Reactions/images/dishsmoke2.png]
[localhost/olabs/CHE/PHC/Chemical_Reactions/images/BG3.gif]
[localhost/olabs/CHE/PHC/Chemical_Reactions/images/stirrer3.png]
[localhost/olabs/CHE/PHC/Chemical_Reactions/images/beakerwhite3.png]
[localhost/olabs/CHE/PHC/Chemical_Reactions/images/beakerwater3.png]
[localhost/olabs/CHE/PHC/Chemical_Reactions/images/beaker3.png]
[localhost/olabs/CHE/PHC/Chemical_Reactions/images/cork3.png]
[localhost/olabs/CHE/PHC/Chemical_Reactions/images/botwater3.png]
[localhost/olabs/CHE/PHC/Chemical_Reactions/images/bottle3.png]
[localhost/olabs/CHE/PHC/Chemical_Reactions/images/whiteInfunnel1.png]
[localhost/olabs/CHE/PHC/Chemical_Reactions/images/whiteInfunnel2.png]
[localhost/olabs/CHE/PHC/Chemical_Reactions/images/whitePdr1.png]
[localhost/olabs/CHE/PHC/Chemical_Reactions/images/whitePdr2.png]
[localhost/olabs/CHE/PHC/Chemical_Reactions/images/whitePowder3.png]
[localhost/olabs/CHE/PHC/Chemical_Reactions/images/flaskwater3.png]
[localhost/olabs/CHE/PHC/Chemical_Reactions/images/flaskwhite3.png]
[localhost/olabs/CHE/PHC/Chemical_Reactions/images/flask3.png]
[localhost/olabs/CHE/PHC/Chemical_Reactions/images/label3.png]
[localhost/olabs/CHE/PHC/Chemical_Reactions/images/BG4.gif]
[localhost/olabs/CHE/PHC/Chemical_Reactions/images/Testtube.png]
[localhost/olabs/CHE/PHC/Chemical_Reactions/images/TesttubeRight.png]
[localhost/olabs/CHE/PHC/Chemical_Reactions/images/nail1.png]
[localhost/olabs/CHE/PHC/Chemical_Reactions/images/nailInTesttube.png]
[localhost/olabs/CHE/PHC/Chemical_Reactions/images/TesttubegreenSoln.png]
[localhost/olabs/CHE/PHC/Chemical_Reactions/images/TesttubeBlueSoln.png]
[localhost/olabs/CHE/PHC/Chemical_Reactions/images/clockBody.png]
[localhost/olabs/CHE/PHC/Chemical_Reactions/images/needle.png]
[localhost/olabs/CHE/PHC/Chemical_Reactions/images/BG5.gif]
[localhost/olabs/CHE/PHC/Chemical_Reactions/images/drop5.png]
[localhost/olabs/CHE/PHC/Chemical_Reactions/images/scene5flame1.png]
[localhost/olabs/CHE/PHC/Chemical_Reactions/images/scene5flame2.png]
[localhost/olabs/CHE/PHC/Chemical_Reactions/images/scene5flame3.png]
[localhost/olabs/CHE/PHC/Chemical_Reactions/images/scene5flame4.png]
[localhost/olabs/CHE/PHC/Chemical_Reactions/images/scene5flame5.png]
[localhost/olabs/CHE/PHC/Chemical_Reactions/images/tubePowderBlue5.png]
[localhost/olabs/CHE/PHC/Chemical_Reactions/images/tubePowderWhite5.png]
[localhost/olabs/CHE/PHC/Chemical_Reactions/images/testtube5.png]
[localhost/olabs/CHE/PHC/Chemical_Reactions/images/dropper5.png]
[localhost/olabs/CHE/PHC/Chemical_Reactions/images/dropperSolution5.png]
[localhost/olabs/CHE/PHC/Chemical_Reactions/images/dropperWhite5.png]
[localhost/olabs/CHE/PHC/Chemical_Reactions/images/beakerWater5.png]
[localhost/olabs/CHE/PHC/Chemical_Reactions/images/beakerWhite5.png]
[localhost/olabs/CHE/PHC/Chemical_Reactions/images/beakerstandburner5.png]
[localhost/olabs/CHE/PHC/Chemical_Reactions/images/burneroff5.png]
[localhost/olabs/CHE/PHC/Chemical_Reactions/images/burneon5.png]
[localhost/olabs/CHE/PHC/Chemical_Reactions/images/BG6.gif]
[localhost/olabs/CHE/PHC/Chemical_Reactions/images/shadow6.png]
[localhost/olabs/CHE/PHC/Chemical_Reactions/images/iceCubes6.png]
[localhost/olabs/CHE/PHC/Chemical_Reactions/images/dishwhite6.png]
[localhost/olabs/CHE/PHC/Chemical_Reactions/images/dishwater6.png]
[localhost/olabs/CHE/PHC/Chemical_Reactions/images/dish6.png]
[localhost/olabs/CHE/PHC/Chemical_Reactions/images/BG7.gif]
[localhost/olabs/CHE/PHC/Chemical_Reactions/images/testtubegranule.png]
[localhost/olabs/CHE/PHC/Chemical_Reactions/images/redlitmuspaper.png]
[localhost/olabs/CHE/PHC/Chemical_Reactions/images/bluelitmuspaper.png]
[localhost/olabs/CHE/PHC/Chemical_Reactions/images/granulespatula.png]
[localhost/olabs/CHE/PHC/Chemical_Reactions/images/spatula.png]
[localhost/olabs/CHE/PHC/Chemical_Reactions/images/granuletesttube.png]
[localhost/olabs/CHE/PHC/Chemical_Reactions/images/drop.png]
[localhost/olabs/CHE/PHC/Chemical_Reactions/images/BG8.gif]
[localhost/olabs/CHE/PHC/Chemical_Reactions/images/testtubeholder.png]
[localhost/olabs/CHE/PHC/Chemical_Reactions/images/testtubestands8.png]
[localhost/olabs/CHE/PHC/Chemical_Reactions/images/corktube8.png]
[localhost/olabs/CHE/PHC/Chemical_Reactions/images/spatula8.png]
[localhost/olabs/CHE/PHC/Chemical_Reactions/images/granulespatula8.png]
[localhost/olabs/CHE/PHC/Chemical_Reactions/images/granuletesttube8.png]
[localhost/olabs/CHE/PHC/Chemical_Reactions/images/candle8.png]
[localhost/olabs/CHE/PHC/Chemical_Reactions/images/popup1.png]
[localhost/olabs/CHE/PHC/Chemical_Reactions/images/popup2.png]
[localhost/olabs/CHE/PHC/Chemical_Reactions/images/popup3.png]
[localhost/olabs/CHE/PHC/Chemical_Reactions/images/popup4.png]
[localhost/olabs/CHE/PHC/Chemical_Reactions/images/popup5.png]
[localhost/olabs/CHE/PHC/Chemical_Reactions/images/flames/flame1.png]
[localhost/olabs/CHE/PHC/Chemical_Reactions/images/flames/flame2.png]
[localhost/olabs/CHE/PHC/Chemical_Reactions/images/flames/flame3.png]
[localhost/olabs/CHE/PHC/Chemical_Reactions/images/flames/flame4.png]
[localhost/olabs/CHE/PHC/Chemical_Reactions/images/flames/flame5.png]
[localhost/olabs/CHE/PHC/Chemical_Reactions/images/BG9.gif]
[localhost/olabs/CHE/PHC/Chemical_Reactions/images/testtubesolution9.png]
[localhost/olabs/CHE/PHC/Chemical_Reactions/images/testtubesolutionwhite9.png]
[localhost/olabs/CHE/PHC/Chemical_Reactions/images/smoke1.png]
[localhost/olabs/CHE/PHC/Chemical_Reactions/images/testtubeholder9.png]
[localhost/olabs/CHE/PHC/Chemical_Reactions/images/droppersolution9.png]
[localhost/olabs/CHE/PHC/Chemical_Reactions/images/dropper9.png]
[localhost/olabs/CHE/PHC/Chemical_Reactions/images/dropperpress9.png]
[localhost/olabs/CHE/PHC/Chemical_Reactions/images/bottlesolution9.png]
[localhost/olabs/CHE/PHC/Chemical_Reactions/images/bottlegranule9.png]
[localhost/olabs/CHE/PHC/Chemical_Reactions/images/granulesspatula9.png]
[localhost/olabs/CHE/PHC/Chemical_Reactions/images/spatula9.png]
[localhost/olabs/CHE/PHC/Chemical_Reactions/images/granulestesttube9.png]
[localhost/olabs/CHE/PHC/Chemical_Reactions/images/drop9.png]
[localhost/olabs/CHE/PHC/Chemical_Reactions/images/BG10.gif]
[localhost/olabs/CHE/PHC/Chemical_Reactions/images/kippsgranules10.png]
[localhost/olabs/CHE/PHC/Chemical_Reactions/images/testtubegranules10.png]
[localhost/olabs/CHE/PHC/Chemical_Reactions/images/roundflasksolutionwhite10.png]
[localhost/olabs/CHE/PHC/Chemical_Reactions/images/roundflasksolution10.png]
[localhost/olabs/CHE/PHC/Chemical_Reactions/images/testtube10.png]
[localhost/olabs/CHE/PHC/Chemical_Reactions/images/testtubesolution10.png]
[localhost/olabs/CHE/PHC/Chemical_Reactions/images/testtubewhitesolution10.png]
[localhost/olabs/CHE/PHC/Chemical_Reactions/images/kippsstand10.png]
[localhost/olabs/CHE/PHC/Chemical_Reactions/images/spatula10.png]
[localhost/olabs/CHE/PHC/Chemical_Reactions/images/zinc10.png]
[localhost/olabs/CHE/PHC/Chemical_Reactions/images/kippsclose10.png]
[localhost/olabs/CHE/PHC/Chemical_Reactions/images/kippsopen10.png]
[localhost/olabs/CHE/PHC/Chemical_Reactions/images/icon1.png]
[localhost/olabs/CHE/PHC/Chemical_Reactions/images/icon2.png]
[localhost/olabs/CHE/PHC/Chemical_Reactions/images/icon3.png]
[localhost/olabs/CHE/PHC/Chemical_Reactions/images/icon4.png]
[localhost/olabs/CHE/PHC/Chemical_Reactions/images/icon5.png]
[localhost/olabs/CHE/PHC/Chemical_Reactions/images/icon6.png]
[localhost/olabs/CHE/PHC/Chemical_Reactions/images/icon7.png]
[localhost/olabs/CHE/PHC/Chemical_Reactions/images/icon8.png]
[localhost/olabs/CHE/PHC/Chemical_Reactions/images/icon9.png]
[localhost/olabs/CHE/PHC/Chemical_Reactions/images/icon10.png]
[localhost/olabs/CHE/PHC/Chemical_Reactions/images/icon11.png]
[localhost/olabs/html5/indexaf62.html]
[localhost/olabs/CHE/PHC/pH-Determination/locale/en-IN/LC_MESSAGES/language.js]
[localhost/olabs/CHE/PHC/pH-Determination/js/Gettext.js]
[localhost/olabs/CHE/PHC/pH-Determination/images/inform.png]
[localhost/olabs/CHE/PHC/pH-Determination/images/ph_Bg.png]
[localhost/olabs/CHE/PHC/pH-Determination/images/1.png]
[localhost/olabs/CHE/PHC/pH-Determination/images/2.png]
[localhost/olabs/CHE/PHC/pH-Determination/images/3.png]
[localhost/olabs/CHE/PHC/pH-Determination/images/4.png]
[localhost/olabs/CHE/PHC/pH-Determination/images/5.png]
[localhost/olabs/CHE/PHC/pH-Determination/images/6.png]
[localhost/olabs/CHE/PHC/pH-Determination/images/8.png]
[localhost/olabs/CHE/PHC/pH-Determination/images/9.png]
[localhost/olabs/CHE/PHC/pH-Determination/images/10.png]
[localhost/olabs/CHE/PHC/pH-Determination/images/11.png]
[localhost/olabs/CHE/PHC/pH-Determination/images/12.png]
[localhost/olabs/CHE/PHC/pH-Determination/images/13.png]
[localhost/olabs/CHE/PHC/pH-Determination/images/7.png]
[localhost/olabs/CHE/PHC/pH-Determination/images/14.png]
[localhost/olabs/CHE/PHC/pH-Determination/images/beaker.png]
[localhost/olabs/CHE/PHC/pH-Determination/images/Lemon_dropper.png]
[localhost/olabs/CHE/PHC/pH-Determination/images/dropper.png]
[localhost/olabs/CHE/PHC/pH-Determination/images/soln_dropper.png]
[localhost/olabs/CHE/PHC/pH-Determination/images/Lemon_juice.png]
[localhost/olabs/CHE/PHC/pH-Determination/images/indicator_bottle.png]
[localhost/olabs/CHE/PHC/pH-Determination/images/tubestand_under.png]
[localhost/olabs/CHE/PHC/pH-Determination/images/tubestand.png]
[localhost/olabs/CHE/PHC/pH-Determination/images/white_board.png]
[localhost/olabs/CHE/PHC/pH-Determination/images/black_drop.png]
[localhost/olabs/CHE/PHC/pH-Determination/images/result1.png]
[localhost/olabs/CHE/PHC/pH-Determination/js/simcontrols.js]
[localhost/olabs/CHE/PHC/pH-Determination/images/Lemon_icon.png]
[localhost/olabs/CHE/PHC/pH-Determination/images/Tomatojuice_icon.png]
[localhost/olabs/CHE/PHC/pH-Determination/images/Orangejuice_icon.png]
[localhost/olabs/CHE/PHC/pH-Determination/images/Pineapllejuice_icon.png]
[localhost/olabs/CHE/PHC/pH-Determination/images/Amlajuice_icon.png]
[localhost/olabs/CHE/PHC/pH-Determination/images/Mangojuice_icon.png]
[localhost/olabs/CHE/PHC/pH-Determination/images/Common_icon.png]
[localhost/olabs/CHE/PHC/pH-Determination/images/Sugar_icon.png]
[localhost/olabs/CHE/PHC/pH-Determination/images/Bakingsoda_icon.png]
[localhost/olabs/CHE/PHC/pH-Determination/images/Milk_icon.png]
[localhost/olabs/CHE/PHC/pH-Determination/images/Vinegar_icon.png]
[localhost/olabs/CHE/PHC/pH-Determination/images/Buttermilk_icon.png]
[localhost/olabs/CHE/PHC/pH-Determination/images/Bleachingpowder_icon.png]
[localhost/olabs/CHE/PHC/pH-Determination/images/Washingsoda_icon.png]
[localhost/olabs/CHE/PHC/pH-Determination/images/Milkmagnesia_icon.png]
[localhost/olabs/CHE/PHC/pH-Determination/images/0.1MHcl_icon.png]
[localhost/olabs/CHE/PHC/pH-Determination/images/0.25MHCN_icon.png]
[localhost/olabs/CHE/PHC/pH-Determination/images/0.001MNaOH_icon.png]
[localhost/olabs/CHE/PHC/pH-Determination/images/0.1MCH3_icon.png]
[localhost/olabs/CHE/PHC/pH-Determination/images/0.1MNH4OH_icon.png]
[localhost/olabs/CHE/PHC/pH-Determination/images/KCl_icon.png]
[localhost/olabs/CHE/PHC/pH-Determination/images/CuSO45H2O_icon.png]
[localhost/olabs/CHE/PHC/pH-Determination/images/NaHCO3_icon.png]
[localhost/olabs/CHE/PHC/pH-Determination/images/NH4Cl_icon.png]
[localhost/olabs/CHE/PHC/pH-Determination/images/FeSO4._icon.png]
[localhost/olabs/CHE/PHC/pH-Determination/images/Na2SO3_icon.png]
[localhost/olabs/CHE/PHC/pH-Determination/images/CH3COONa_icon.png]
[localhost/olabs/html5/index9db0.html]
[localhost/olabs/CHE/INC/Action_of_water_on-quick_lime/js/runtime.js]
[localhost/olabs/CHE/INC/Action_of_water_on-quick_lime/js/swiffy.js]
[localhost/olabs/CHE/INC/Action_of_water_on-quick_lime/js/jquery-migrate-1.2.1.js]
[localhost/olabs/CHE/INC/Action_of_water_on-quick_lime/js/help.js]
[localhost/olabs/CHE/INC/Action_of_water_on-quick_lime/locale/en-IN/language.js]
[localhost/olabs/CHE/INC/Action_of_water_on-quick_lime/images/inference.png]
[localhost/olabs/CHE/INC/Action_of_water_on-quick_lime/images/clockBody.png]
[localhost/olabs/CHE/INC/Action_of_water_on-quick_lime/images/needle.png]
[localhost/olabs/CHE/INC/Action_of_water_on-quick_lime/images/powderinthermobeaker.png]
[localhost/olabs/CHE/INC/Action_of_water_on-quick_lime/images/QuicklimeBg.png]
[localhost/olabs/CHE/INC/Action_of_water_on-quick_lime/images/spatulapowder.png]
[localhost/olabs/CHE/INC/Action_of_water_on-quick_lime/images/spatula.png]
[localhost/olabs/CHE/INC/Action_of_water_on-quick_lime/images/testtube.png]
[localhost/olabs/CHE/INC/Action_of_water_on-quick_lime/images/testtubesoln.png]
[localhost/olabs/CHE/INC/Action_of_water_on-quick_lime/images/thermometerbeaker.png]
[localhost/olabs/CHE/INC/Action_of_water_on-quick_lime/images/thermoredcolor.png]
[localhost/olabs/CHE/INC/Action_of_water_on-quick_lime/images/thermometerlabel.png]
[localhost/olabs/CHE/INC/Action_of_water_on-quick_lime/images/corktube.png]
[localhost/olabs/CHE/INC/Action_of_water_on-quick_lime/images/dropperstand.png]
[localhost/olabs/CHE/INC/Action_of_water_on-quick_lime/images/testtubestand.png]
[localhost/olabs/CHE/INC/Action_of_water_on-quick_lime/images/drops.png]
[localhost/olabs/CHE/INC/Action_of_water_on-quick_lime/images/dropper.png]
[localhost/olabs/CHE/INC/Action_of_water_on-quick_lime/images/soln_dropper.png]
[localhost/olabs/CHE/INC/Action_of_water_on-quick_lime/images/waterbeakerstill.png]
[localhost/olabs/CHE/INC/Action_of_water_on-quick_lime/images/waterbeakershadow.png]
[localhost/olabs/CHE/INC/Action_of_water_on-quick_lime/images/slakedlime.png]
[localhost/olabs/CHE/INC/Action_of_water_on-quick_lime/images/Blowbtn.png]
[localhost/olabs/CHE/INC/Action_of_water_on-quick_lime/images/nextbtn.png]
[localhost/olabs/CHE/INC/Action_of_water_on-quick_lime/images/blowsolution.png]
[localhost/olabs/CHE/INC/Action_of_water_on-quick_lime/images/mouthstill.png]
[localhost/olabs/CHE/INC/Action_of_water_on-quick_lime/images/mouthblow.png]
[localhost/olabs/CHE/INC/Action_of_water_on-quick_lime/images/waterlabel.png]
[localhost/olabs/CHE/INC/Action_of_water_on-quick_lime/js/simcontrols.js]
[localhost/olabs/CHE/INC/Action_of_water_on-quick_lime/js/responsive.js]
[localhost/olabs/html5/index24aa.html]
[localhost/olabs/CHE/INC/action-of-heat-on-ferrous-sulphate-crystals/js/help.js]
[localhost/olabs/CHE/INC/action-of-heat-on-ferrous-sulphate-crystals/locale/en-IN/LC_MESSAGES/language.js]
[localhost/olabs/CHE/INC/action-of-heat-on-ferrous-sulphate-crystals/images/watchglass.png]
[localhost/olabs/CHE/INC/action-of-heat-on-ferrous-sulphate-crystals/images/CaComp.png]
[localhost/olabs/CHE/INC/action-of-heat-on-ferrous-sulphate-crystals/images/FeComp.png]
[localhost/olabs/CHE/INC/action-of-heat-on-ferrous-sulphate-crystals/images/spatulapowder.png]
[localhost/olabs/CHE/INC/action-of-heat-on-ferrous-sulphate-crystals/images/spatulapowder2.png]
[localhost/olabs/CHE/INC/action-of-heat-on-ferrous-sulphate-crystals/images/spatula.png]
[localhost/olabs/CHE/INC/action-of-heat-on-ferrous-sulphate-crystals/images/testtube_stand.png]
[localhost/olabs/CHE/INC/action-of-heat-on-ferrous-sulphate-crystals/images/burner.png]
[localhost/olabs/CHE/INC/action-of-heat-on-ferrous-sulphate-crystals/images/burnerswitchoff.png]
[localhost/olabs/CHE/INC/action-of-heat-on-ferrous-sulphate-crystals/images/burnerswitchon.png]
[localhost/olabs/CHE/INC/action-of-heat-on-ferrous-sulphate-crystals/images/testtube.png]
[localhost/olabs/CHE/INC/action-of-heat-on-ferrous-sulphate-crystals/images/testtubeWhite.png]
[localhost/olabs/CHE/INC/action-of-heat-on-ferrous-sulphate-crystals/images/vapours1.png]
[localhost/olabs/CHE/INC/action-of-heat-on-ferrous-sulphate-crystals/images/testtubepowder2.png]
[localhost/olabs/CHE/INC/action-of-heat-on-ferrous-sulphate-crystals/images/testtubepowder.png]
[localhost/olabs/CHE/INC/action-of-heat-on-ferrous-sulphate-crystals/images/testtubepowder1.png]
[localhost/olabs/CHE/INC/action-of-heat-on-ferrous-sulphate-crystals/images/CuO.png]
[localhost/olabs/CHE/INC/action-of-heat-on-ferrous-sulphate-crystals/images/drops.png]
[localhost/olabs/CHE/INC/action-of-heat-on-ferrous-sulphate-crystals/images/dropsiron.png]
[localhost/olabs/CHE/INC/action-of-heat-on-ferrous-sulphate-crystals/images/flame.png]
[localhost/olabs/CHE/INC/action-of-heat-on-ferrous-sulphate-crystals/images/scale.png]
[localhost/olabs/CHE/INC/action-of-heat-on-ferrous-sulphate-crystals/images/lamp.png]
[localhost/olabs/CHE/INC/action-of-heat-on-ferrous-sulphate-crystals/images/watchglass3.png]
[localhost/olabs/CHE/INC/action-of-heat-on-ferrous-sulphate-crystals/images/whitelight.png]
[localhost/olabs/CHE/INC/action-of-heat-on-ferrous-sulphate-crystals/images/silvernitrate.png]
[localhost/olabs/CHE/INC/action-of-heat-on-ferrous-sulphate-crystals/images/silver.png]
[localhost/olabs/CHE/INC/action-of-heat-on-ferrous-sulphate-crystals/images/clockBody.png]
[localhost/olabs/CHE/INC/action-of-heat-on-ferrous-sulphate-crystals/images/needle.png]
[localhost/olabs/CHE/INC/action-of-heat-on-ferrous-sulphate-crystals/images/setupNew.png]
[localhost/olabs/CHE/INC/action-of-heat-on-ferrous-sulphate-crystals/images/key.png]
[localhost/olabs/CHE/INC/action-of-heat-on-ferrous-sulphate-crystals/images/rheostatobjmove.png]
[localhost/olabs/CHE/INC/action-of-heat-on-ferrous-sulphate-crystals/images/beakershadow.png]
[localhost/olabs/CHE/INC/action-of-heat-on-ferrous-sulphate-crystals/images/beakerwater.png]
[localhost/olabs/CHE/INC/action-of-heat-on-ferrous-sulphate-crystals/images/testtubesclamp.png]
[localhost/olabs/CHE/INC/action-of-heat-on-ferrous-sulphate-crystals/images/testtubewater1.png]
[localhost/olabs/CHE/INC/action-of-heat-on-ferrous-sulphate-crystals/images/inference.png]
[localhost/olabs/html5/index689b.html]
[localhost/olabs/CHE/INC/action-of-heat-on-ferrous-sulphate-crystals/js/simcontrols.js]
[localhost/olabs/CHE/PHC/Type_Of_Reaction_iron_nail_with_copper/js/help.js]
[localhost/olabs/CHE/PHC/Type_Of_Reaction_iron_nail_with_copper/locale/en-IN/LC_MESSAGES/language.js]
[localhost/olabs/CHE/PHC/Type_Of_Reaction_iron_nail_with_copper/js/simcontrols.js]
[localhost/olabs/CHE/PHC/Type_Of_Reaction_iron_nail_with_copper/images/BG.gif]
[localhost/olabs/CHE/PHC/Type_Of_Reaction_iron_nail_with_copper/images/Testtube.png]
[localhost/olabs/CHE/PHC/Type_Of_Reaction_iron_nail_with_copper/images/TesttubeRight.png]
[localhost/olabs/CHE/PHC/Type_Of_Reaction_iron_nail_with_copper/images/nail1.png]
[localhost/olabs/CHE/PHC/Type_Of_Reaction_iron_nail_with_copper/images/nailInTesttube.png]
[localhost/olabs/CHE/PHC/Type_Of_Reaction_iron_nail_with_copper/images/TesttubegreenSoln.png]
[localhost/olabs/CHE/PHC/Type_Of_Reaction_iron_nail_with_copper/images/TesttubeBlueSoln.png]
[localhost/olabs/CHE/PHC/Type_Of_Reaction_iron_nail_with_copper/images/clockBody.png]
[localhost/olabs/CHE/PHC/Type_Of_Reaction_iron_nail_with_copper/images/needle.png]
[localhost/olabs/CHE/PHC/Type_Of_Reaction_iron_nail_with_copper/images/inference.png]
[localhost/olabs/html5/index5a13.html]
[localhost/olabs/CHE/PHC/reaction-Sodium-Sulphate-and-barium-chloride/js/help.js]
[localhost/olabs/CHE/PHC/reaction-Sodium-Sulphate-and-barium-chloride/js/runtime.js]
[localhost/olabs/CHE/PHC/reaction-Sodium-Sulphate-and-barium-chloride/js/jQueryRotate.2.2.js]
[localhost/olabs/CHE/PHC/reaction-Sodium-Sulphate-and-barium-chloride/js/swiffy.js]
[localhost/olabs/CHE/PHC/reaction-Sodium-Sulphate-and-barium-chloride/locale/en-IN/language.js]
[localhost/olabs/CHE/PHC/reaction-Sodium-Sulphate-and-barium-chloride/images/testtube.png]
[localhost/olabs/CHE/PHC/reaction-Sodium-Sulphate-and-barium-chloride/images/pptzoom.gif]
[localhost/olabs/CHE/PHC/reaction-Sodium-Sulphate-and-barium-chloride/images/zoommilky.png]
[localhost/olabs/CHE/PHC/reaction-Sodium-Sulphate-and-barium-chloride/images/zoomhcl.gif]
[localhost/olabs/CHE/PHC/reaction-Sodium-Sulphate-and-barium-chloride/images/testtubesoln.png]
[localhost/olabs/CHE/PHC/reaction-Sodium-Sulphate-and-barium-chloride/images/solnmilky.png]
[localhost/olabs/CHE/PHC/reaction-Sodium-Sulphate-and-barium-chloride/images/precipitate.png]
[localhost/olabs/CHE/PHC/reaction-Sodium-Sulphate-and-barium-chloride/images/bottleBaCl2.png]
[localhost/olabs/CHE/PHC/reaction-Sodium-Sulphate-and-barium-chloride/images/bottleshadow.png]
[localhost/olabs/CHE/PHC/reaction-Sodium-Sulphate-and-barium-chloride/images/bottlesoln.png]
[localhost/olabs/CHE/PHC/reaction-Sodium-Sulphate-and-barium-chloride/images/bottleNa2SO4.png]
[localhost/olabs/CHE/PHC/reaction-Sodium-Sulphate-and-barium-chloride/images/bottledil_HCl.png]
[localhost/olabs/CHE/PHC/reaction-Sodium-Sulphate-and-barium-chloride/images/dropper.png]
[localhost/olabs/CHE/PHC/reaction-Sodium-Sulphate-and-barium-chloride/images/soln_dropper.png]
[localhost/olabs/CHE/PHC/reaction-Sodium-Sulphate-and-barium-chloride/images/drops.png]
[localhost/olabs/CHE/PHC/reaction-Sodium-Sulphate-and-barium-chloride/images/Beaker.png]
[localhost/olabs/CHE/PHC/reaction-Sodium-Sulphate-and-barium-chloride/images/Beakershadow.png]
[localhost/olabs/CHE/PHC/reaction-Sodium-Sulphate-and-barium-chloride/images/BeakerSoln.png]
[localhost/olabs/CHE/PHC/reaction-Sodium-Sulphate-and-barium-chloride/images/inference.png]
[localhost/olabs/CHE/PHC/reaction-Sodium-Sulphate-and-barium-chloride/images/backbtn.png]
[localhost/olabs/CHE/PHC/reaction-Sodium-Sulphate-and-barium-chloride/js/simcontrols.js]
[localhost/olabs/html5/index7233.html]
[localhost/olabs/CHE/ORG/Different_technique_of_separation/js/swiffy_Animation.js]
[localhost/olabs/CHE/ORG/Different_technique_of_separation/js/help.js]
[localhost/olabs/CHE/ORG/Different_technique_of_separation/js/jQueryRotate.2.2.js]
[localhost/olabs/CHE/ORG/Different_technique_of_separation/locale/en-IN/LC_MESSAGES/language.js]
[localhost/olabs/CHE/ORG/Different_technique_of_separation/images/inform.png]
[localhost/olabs/CHE/ORG/Different_technique_of_separation/images/beaker_soln.png]
[localhost/olabs/CHE/ORG/Different_technique_of_separation/images/solLabel.png]
[localhost/olabs/CHE/ORG/Different_technique_of_separation/images/chamber.png]
[localhost/olabs/CHE/ORG/Different_technique_of_separation/images/champerDoor.png]
[localhost/olabs/CHE/ORG/Different_technique_of_separation/images/on_table.png]
[localhost/olabs/CHE/ORG/Different_technique_of_separation/images/paperColor2.png]
[localhost/olabs/CHE/ORG/Different_technique_of_separation/images/paperColor3.png]
[localhost/olabs/CHE/ORG/Different_technique_of_separation/images/paperColor.png]
[localhost/olabs/CHE/ORG/Different_technique_of_separation/images/paperColor7.png]
[localhost/olabs/CHE/ORG/Different_technique_of_separation/images/paperColor6.png]
[localhost/olabs/CHE/ORG/Different_technique_of_separation/images/paperColor5.png]
[localhost/olabs/CHE/ORG/Different_technique_of_separation/images/paperColor4.png]
[localhost/olabs/CHE/ORG/Different_technique_of_separation/images/arrow.png]
[localhost/olabs/CHE/ORG/Different_technique_of_separation/images/hand_tube.png]
[localhost/olabs/CHE/ORG/Different_technique_of_separation/images/scale.png]
[localhost/olabs/CHE/ORG/Different_technique_of_separation/images/clockBody.png]
[localhost/olabs/CHE/ORG/Different_technique_of_separation/images/needle.png]
[localhost/olabs/CHE/ORG/Different_technique_of_separation/images/simpleDistEquip.png]
[localhost/olabs/CHE/ORG/Different_technique_of_separation/images/thermo_zoom.png]
[localhost/olabs/CHE/ORG/Different_technique_of_separation/images/drop.png]
[localhost/olabs/CHE/ORG/Different_technique_of_separation/images/roundFlask.png]
[localhost/olabs/CHE/ORG/Different_technique_of_separation/images/fractDist.png]
[localhost/olabs/CHE/ORG/Different_technique_of_separation/images/icebox.png]
[localhost/olabs/CHE/ORG/Different_technique_of_separation/images/clipunder.png]
[localhost/olabs/CHE/ORG/Different_technique_of_separation/images/clipup.png]
[localhost/olabs/CHE/ORG/Different_technique_of_separation/images/machine.png]
[localhost/olabs/CHE/ORG/Different_technique_of_separation/images/center_rotate.png]
[localhost/olabs/CHE/ORG/Different_technique_of_separation/images/closed_top.png]
[localhost/olabs/CHE/ORG/Different_technique_of_separation/images/topopen1.png]
[localhost/olabs/CHE/ORG/Different_technique_of_separation/images/topopen2.png]
[localhost/olabs/CHE/ORG/Different_technique_of_separation/images/tooltip_box.png]
[localhost/olabs/CHE/ORG/Different_technique_of_separation/images/popup.png]
[localhost/olabs/CHE/ORG/Different_technique_of_separation/images/popup2.png]
[localhost/olabs/CHE/ORG/Different_technique_of_separation/images/beaker.png]
[localhost/olabs/CHE/ORG/Different_technique_of_separation/images/soln_oil.png]
[localhost/olabs/CHE/ORG/Different_technique_of_separation/images/beaker_shadow.png]
[localhost/olabs/CHE/ORG/Different_technique_of_separation/images/soln_water.png]
[localhost/olabs/CHE/ORG/Different_technique_of_separation/images/solution_drag.png]
[localhost/olabs/CHE/ORG/Different_technique_of_separation/images/stand_sepFunel.png]
[localhost/olabs/CHE/ORG/Different_technique_of_separation/images/stirrer.png]
[localhost/olabs/CHE/ORG/Different_technique_of_separation/images/funnel.png]
[localhost/olabs/CHE/ORG/Different_technique_of_separation/images/glass_tube.png]
[localhost/olabs/CHE/ORG/Different_technique_of_separation/images/glass_tube2.png]
[localhost/olabs/CHE/ORG/Different_technique_of_separation/images/soln_inFunnel.png]
[localhost/olabs/CHE/ORG/Different_technique_of_separation/images/cap.png]
[localhost/olabs/CHE/ORG/Different_technique_of_separation/images/stand_top.png]
[localhost/olabs/CHE/ORG/Different_technique_of_separation/images/tap_close.png]
[localhost/olabs/CHE/ORG/Different_technique_of_separation/js/simcontrols.js]
[localhost/olabs/html5/index931b.html]
[localhost/olabs/CHE/INC/Quantitative_Estimation/js/simcontrols.js]
[localhost/olabs/CHE/INC/Quantitative_Estimation/js/jQueryRotate.2.2.js]
[localhost/olabs/CHE/INC/Quantitative_Estimation/locale/en-IN/language.js]
[localhost/olabs/CHE/INC/Quantitative_Estimation/images/BG.jpg]
[localhost/olabs/CHE/INC/Quantitative_Estimation/images/buretteWatertop.png]
[localhost/olabs/CHE/INC/Quantitative_Estimation/images/buretteWaterstill.png]
[localhost/olabs/CHE/INC/Quantitative_Estimation/images/standBurette.png]
[localhost/olabs/CHE/INC/Quantitative_Estimation/images/buretteOff.png]
[localhost/olabs/CHE/INC/Quantitative_Estimation/images/waterBeakers.png]
[localhost/olabs/CHE/INC/Quantitative_Estimation/images/Beakers.png]
[localhost/olabs/CHE/INC/Quantitative_Estimation/images/zoomArea.png]
[localhost/olabs/CHE/INC/Quantitative_Estimation/images/drop.png]
[localhost/olabs/CHE/INC/Quantitative_Estimation/images/buretteZoomWater.png]
[localhost/olabs/CHE/INC/Quantitative_Estimation/images/buretteZoomScale.png]
[localhost/olabs/CHE/INC/Quantitative_Estimation/images/conicalFlskWaterPink.png]
[localhost/olabs/CHE/INC/Quantitative_Estimation/images/conicalFlask.png]
[localhost/olabs/CHE/INC/Quantitative_Estimation/images/popup.png]
[localhost/olabs/html5/index94f6.html]
[localhost/olabs/CHE/ANC/Characterization_and_Purification_of_Chemical_Substances/js/help.js]
[localhost/olabs/CHE/ANC/Characterization_and_Purification_of_Chemical_Substances/js/simcontrols.js]
[localhost/olabs/CHE/ANC/Characterization_and_Purification_of_Chemical_Substances/locale/en-IN/LC_MESSAGES/language.js]
[localhost/olabs/CHE/ANC/Characterization_and_Purification_of_Chemical_Substances/images/inference.png]
[localhost/olabs/CHE/ANC/Characterization_and_Purification_of_Chemical_Substances/images/BG1.gif]
[localhost/olabs/CHE/ANC/Characterization_and_Purification_of_Chemical_Substances/images/BG2.gif]
[localhost/olabs/CHE/ANC/Characterization_and_Purification_of_Chemical_Substances/images/BG3.gif]
[localhost/olabs/CHE/ANC/Characterization_and_Purification_of_Chemical_Substances/images/mixture1.png]
[localhost/olabs/CHE/ANC/Characterization_and_Purification_of_Chemical_Substances/images/mixture2.png]
[localhost/olabs/CHE/ANC/Characterization_and_Purification_of_Chemical_Substances/images/mixture3.png]
[localhost/olabs/CHE/ANC/Characterization_and_Purification_of_Chemical_Substances/images/mixture4.png]
[localhost/olabs/CHE/ANC/Characterization_and_Purification_of_Chemical_Substances/images/mixture5.png]
[localhost/olabs/CHE/ANC/Characterization_and_Purification_of_Chemical_Substances/images/beakerwhitebg1.png]
[localhost/olabs/CHE/ANC/Characterization_and_Purification_of_Chemical_Substances/images/bluePowderInBeaker.png]
[localhost/olabs/CHE/ANC/Characterization_and_Purification_of_Chemical_Substances/images/blueWater.png]
[localhost/olabs/CHE/ANC/Characterization_and_Purification_of_Chemical_Substances/images/waterinbeaker.png]
[localhost/olabs/CHE/ANC/Characterization_and_Purification_of_Chemical_Substances/images/beaker.png]
[localhost/olabs/CHE/ANC/Characterization_and_Purification_of_Chemical_Substances/images/blueSpatula.png]
[localhost/olabs/CHE/ANC/Characterization_and_Purification_of_Chemical_Substances/images/spatula.png]
[localhost/olabs/CHE/ANC/Characterization_and_Purification_of_Chemical_Substances/images/splash1.png]
[localhost/olabs/CHE/ANC/Characterization_and_Purification_of_Chemical_Substances/images/splash2.png]
[localhost/olabs/CHE/ANC/Characterization_and_Purification_of_Chemical_Substances/images/drops.png]
[localhost/olabs/CHE/ANC/Characterization_and_Purification_of_Chemical_Substances/images/pourline1.png]
[localhost/olabs/CHE/ANC/Characterization_and_Purification_of_Chemical_Substances/images/pourline2.png]
[localhost/olabs/CHE/ANC/Characterization_and_Purification_of_Chemical_Substances/images/cylinder.png]
[localhost/olabs/CHE/ANC/Characterization_and_Purification_of_Chemical_Substances/images/standBg.png]
[localhost/olabs/CHE/ANC/Characterization_and_Purification_of_Chemical_Substances/images/blueInfunnel1.png]
[localhost/olabs/CHE/ANC/Characterization_and_Purification_of_Chemical_Substances/images/dishunder.png]
[localhost/olabs/CHE/ANC/Characterization_and_Purification_of_Chemical_Substances/images/potcontent.png]
[localhost/olabs/CHE/ANC/Characterization_and_Purification_of_Chemical_Substances/images/beaker5Shadow.png]
[localhost/olabs/CHE/ANC/Characterization_and_Purification_of_Chemical_Substances/images/dishtop.png]
[localhost/olabs/CHE/ANC/Characterization_and_Purification_of_Chemical_Substances/images/beaker3ContentBg.png]
[localhost/olabs/CHE/ANC/Characterization_and_Purification_of_Chemical_Substances/images/beaker3Content.png]
[localhost/olabs/CHE/ANC/Characterization_and_Purification_of_Chemical_Substances/images/beaker3Shadow.png]
[localhost/olabs/CHE/ANC/Characterization_and_Purification_of_Chemical_Substances/images/beaker3.png]
[localhost/olabs/CHE/ANC/Characterization_and_Purification_of_Chemical_Substances/images/paticle2.png]
[localhost/olabs/CHE/ANC/Characterization_and_Purification_of_Chemical_Substances/images/beaker5.png]
[localhost/olabs/CHE/ANC/Characterization_and_Purification_of_Chemical_Substances/images/clock.png]
[localhost/olabs/CHE/ANC/Characterization_and_Purification_of_Chemical_Substances/images/needle.png]
[localhost/olabs/CHE/ANC/Characterization_and_Purification_of_Chemical_Substances/images/glassbowlShadow3.png]
[localhost/olabs/CHE/ANC/Characterization_and_Purification_of_Chemical_Substances/images/glassbowlunder3.png]
[localhost/olabs/CHE/ANC/Characterization_and_Purification_of_Chemical_Substances/images/glassbowl3.png]
[localhost/olabs/CHE/ANC/Characterization_and_Purification_of_Chemical_Substances/images/bowlToDragWaterBlue.png]
[localhost/olabs/CHE/ANC/Characterization_and_Purification_of_Chemical_Substances/images/sandunder.png]
[localhost/olabs/CHE/ANC/Characterization_and_Purification_of_Chemical_Substances/images/glassbasinshadow3.png]
[localhost/olabs/CHE/ANC/Characterization_and_Purification_of_Chemical_Substances/images/glassbasin.png]
[localhost/olabs/CHE/ANC/Characterization_and_Purification_of_Chemical_Substances/images/dishTodrag.png]
[localhost/olabs/CHE/ANC/Characterization_and_Purification_of_Chemical_Substances/images/dishpourblueline1.png]
[localhost/olabs/CHE/ANC/Characterization_and_Purification_of_Chemical_Substances/images/dishUnder3.png]
[localhost/olabs/CHE/ANC/Characterization_and_Purification_of_Chemical_Substances/images/dishbluewater3.png]
[localhost/olabs/CHE/ANC/Characterization_and_Purification_of_Chemical_Substances/images/stirrer3.png]
[localhost/olabs/CHE/ANC/Characterization_and_Purification_of_Chemical_Substances/images/dishtop3.png]
[localhost/olabs/CHE/ANC/Characterization_and_Purification_of_Chemical_Substances/images/burner_off.png]
[localhost/olabs/CHE/ANC/Characterization_and_Purification_of_Chemical_Substances/images/flame1.png]
[localhost/olabs/CHE/ANC/Characterization_and_Purification_of_Chemical_Substances/images/flame2.png]
[localhost/olabs/CHE/ANC/Characterization_and_Purification_of_Chemical_Substances/images/flame3.png]
[localhost/olabs/CHE/ANC/Characterization_and_Purification_of_Chemical_Substances/images/flame4.png]
[localhost/olabs/CHE/ANC/Characterization_and_Purification_of_Chemical_Substances/images/flame5.png]
[localhost/olabs/CHE/ANC/Characterization_and_Purification_of_Chemical_Substances/images/steelbasinunder.png]
[localhost/olabs/CHE/ANC/Characterization_and_Purification_of_Chemical_Substances/images/steelbasinwater.png]
[localhost/olabs/CHE/ANC/Characterization_and_Purification_of_Chemical_Substances/images/steelbasin.png]
[localhost/olabs/CHE/ANC/Characterization_and_Purification_of_Chemical_Substances/images/beakerhotwatershadow.png]
[localhost/olabs/CHE/ANC/Characterization_and_Purification_of_Chemical_Substances/images/beakerhotwater.png]
[localhost/olabs/CHE/ANC/Characterization_and_Purification_of_Chemical_Substances/images/bluesolventpour.png]
[localhost/olabs/CHE/ANC/Characterization_and_Purification_of_Chemical_Substances/images/bluesolventinTube.png]
[localhost/olabs/CHE/ANC/Characterization_and_Purification_of_Chemical_Substances/images/testtube5.png]
[localhost/olabs/CHE/ANC/Characterization_and_Purification_of_Chemical_Substances/images/testtubestand5.png]
[localhost/olabs/CHE/ANC/Characterization_and_Purification_of_Chemical_Substances/images/corkshadow.png]
[localhost/olabs/CHE/ANC/Characterization_and_Purification_of_Chemical_Substances/images/cork.png]
[localhost/olabs/CHE/ANC/Characterization_and_Purification_of_Chemical_Substances/images/filterpaper.png]
[localhost/olabs/CHE/ANC/Characterization_and_Purification_of_Chemical_Substances/images/steelbasinsmall.png]
[localhost/olabs/CHE/ANC/Characterization_and_Purification_of_Chemical_Substances/images/bowlshadow7.png]
[localhost/olabs/CHE/ANC/Characterization_and_Purification_of_Chemical_Substances/images/waterbottle7.png]
[localhost/olabs/CHE/ANC/Characterization_and_Purification_of_Chemical_Substances/images/label2.png]
[localhost/olabs/CHE/ANC/Characterization_and_Purification_of_Chemical_Substances/images/basinpourline1.png]
[localhost/olabs/CHE/ANC/Characterization_and_Purification_of_Chemical_Substances/images/bottlepourwater1.png]
[localhost/olabs/CHE/ANC/Characterization_and_Purification_of_Chemical_Substances/images/bowlParticleBlue.png]
[localhost/olabs/CHE/ANC/Characterization_and_Purification_of_Chemical_Substances/images/bowlWater.png]
[localhost/olabs/CHE/ANC/Characterization_and_Purification_of_Chemical_Substances/images/glassbowl7.png]
[localhost/olabs/CHE/ANC/Characterization_and_Purification_of_Chemical_Substances/images/copperIcon.png]
[localhost/olabs/CHE/ANC/Characterization_and_Purification_of_Chemical_Substances/images/icon2.png]
[localhost/olabs/html5/indexfc20.html]
[localhost/olabs/CHE/ANC/Determination_of_Boiling_point/locale/en-IN/language.js]
[localhost/olabs/CHE/ANC/Determination_of_Boiling_point/js/simcontrols.js]
[localhost/olabs/CHE/ANC/Determination_of_Boiling_point/images/BG.png]
[localhost/olabs/CHE/ANC/Determination_of_Boiling_point/images/stand.png]
[localhost/olabs/CHE/ANC/Determination_of_Boiling_point/images/stirrer.png]
[localhost/olabs/CHE/ANC/Determination_of_Boiling_point/images/beakerTop.png]
[localhost/olabs/CHE/ANC/Determination_of_Boiling_point/images/beakerUnder.png]
[localhost/olabs/CHE/ANC/Determination_of_Boiling_point/images/waterTop.png]
[localhost/olabs/CHE/ANC/Determination_of_Boiling_point/images/waterUnder.png]
[localhost/olabs/CHE/ANC/Determination_of_Boiling_point/images/chart.png]
[localhost/olabs/CHE/ANC/Determination_of_Boiling_point/images/flame.png]
[localhost/olabs/CHE/ANC/Determination_of_Boiling_point/images/zoomareaTesttube.png]
[localhost/olabs/CHE/ANC/Determination_of_Boiling_point/images/testtubeZoom.png]
[localhost/olabs/CHE/ANC/Determination_of_Boiling_point/images/zoomArea.png]
[localhost/olabs/CHE/ANC/Determination_of_Boiling_point/images/thermo.png]
[localhost/olabs/CHE/ANC/Determination_of_Boiling_point/images/arrow.png]
[localhost/olabs/html5/index449c.html]
[localhost/olabs/CHE/INC/Chemical_Equillibrium/js/help.js]
[localhost/olabs/CHE/INC/Chemical_Equillibrium/locale/en-IN/language.js]
[localhost/olabs/CHE/INC/Chemical_Equillibrium/images/equation1.png]
[localhost/olabs/CHE/INC/Chemical_Equillibrium/images/K3.png]
[localhost/olabs/CHE/INC/Chemical_Equillibrium/images/testtube.png]
[localhost/olabs/CHE/INC/Chemical_Equillibrium/images/testsolution1.png]
[localhost/olabs/CHE/INC/Chemical_Equillibrium/images/Fe+FeCl3.png]
[localhost/olabs/CHE/INC/Chemical_Equillibrium/images/controllabel.png]
[localhost/olabs/CHE/INC/Chemical_Equillibrium/images/bottle.png]
[localhost/olabs/CHE/INC/Chemical_Equillibrium/images/bottleFeSoln.png]
[localhost/olabs/CHE/INC/Chemical_Equillibrium/images/bottlesoln.png]
[localhost/olabs/CHE/INC/Chemical_Equillibrium/images/dropper.png]
[localhost/olabs/CHE/INC/Chemical_Equillibrium/images/dropper_red.png]
[localhost/olabs/CHE/INC/Chemical_Equillibrium/images/drops.png]
[localhost/olabs/CHE/INC/Chemical_Equillibrium/images/soln_dropper.png]
[localhost/olabs/CHE/INC/Chemical_Equillibrium/images/solLabel.png]
[localhost/olabs/CHE/INC/Chemical_Equillibrium/images/inference.png]
[localhost/olabs/CHE/INC/Chemical_Equillibrium/js/simcontrols.js]
[localhost/olabs/CHE/INC/Chemical_Equillibrium/js/responsive.js]
[localhost/olabs/html5/index4e24.html]
[localhost/olabs/CHE/INC/Preparation_Inorganic_Compounds/js/help_pH.js]
[localhost/olabs/CHE/INC/Preparation_Inorganic_Compounds/js/help_potashAlum.js]
[localhost/olabs/CHE/INC/Preparation_Inorganic_Compounds/js/help_potassiumFerricOxalate.js]
[localhost/olabs/CHE/INC/Preparation_Inorganic_Compounds/js/help_main.js]
[localhost/olabs/CHE/INC/Preparation_Inorganic_Compounds/js/simcontrols_main.js]
[localhost/olabs/CHE/INC/Preparation_Inorganic_Compounds/js/simcontrols_mohrs.js]
[localhost/olabs/CHE/INC/Preparation_Inorganic_Compounds/js/simcontrols_potashAlum.js]
[localhost/olabs/CHE/INC/Preparation_Inorganic_Compounds/js/simcontrols_potassiumFerricOxalate.js]
[localhost/olabs/CHE/INC/Preparation_Inorganic_Compounds/locale/en-IN/language.js]
[localhost/olabs/CHE/INC/Preparation_Inorganic_Compounds/images/BG.gif]
[localhost/olabs/CHE/INC/Preparation_Inorganic_Compounds/images/drop.png]
[localhost/olabs/CHE/INC/Preparation_Inorganic_Compounds/images/watchGlass.png]
[localhost/olabs/CHE/INC/Preparation_Inorganic_Compounds/images/mohrs_salt/ferrous.png]
[localhost/olabs/CHE/INC/Preparation_Inorganic_Compounds/images/mohrs_salt/ammoniumSulphate.png]
[localhost/olabs/CHE/INC/Preparation_Inorganic_Compounds/images/measuringCylinder.png]
[localhost/olabs/CHE/INC/Preparation_Inorganic_Compounds/images/beakerShadow.png]
[localhost/olabs/CHE/INC/Preparation_Inorganic_Compounds/images/powder_pours/ferrous_pour1.png]
[localhost/olabs/CHE/INC/Preparation_Inorganic_Compounds/images/mohrs_salt/ferrous_ammonium.png]
[localhost/olabs/CHE/INC/Preparation_Inorganic_Compounds/images/beaker.png]
[localhost/olabs/CHE/INC/Preparation_Inorganic_Compounds/images/label.png]
[localhost/olabs/CHE/INC/Preparation_Inorganic_Compounds/images/nextbtn.png]
[localhost/olabs/CHE/INC/Preparation_Inorganic_Compounds/images/glassrod2.png]
[localhost/olabs/CHE/INC/Preparation_Inorganic_Compounds/images/stand.png]
[localhost/olabs/CHE/INC/Preparation_Inorganic_Compounds/images/mohrs_salt/chinadish under.png]
[localhost/olabs/CHE/INC/Preparation_Inorganic_Compounds/images/mohrs_salt/stand2.png]
[localhost/olabs/CHE/INC/Preparation_Inorganic_Compounds/images/mohrs_salt/chinadish top.png]
[localhost/olabs/CHE/INC/Preparation_Inorganic_Compounds/images/SCENE3/flame1.png]
[localhost/olabs/CHE/INC/Preparation_Inorganic_Compounds/images/SCENE3/burner3.png]
[localhost/olabs/CHE/INC/Preparation_Inorganic_Compounds/images/SCENE3/knobon.png]
[localhost/olabs/CHE/INC/Preparation_Inorganic_Compounds/images/SCENE3/knoboff.png]
[localhost/olabs/CHE/INC/Preparation_Inorganic_Compounds/images/glassrod.png]
[localhost/olabs/CHE/INC/Preparation_Inorganic_Compounds/images/SCENE3/petri small bottom.png]
[localhost/olabs/CHE/INC/Preparation_Inorganic_Compounds/images/SCENE3/crystals_white.png]
[localhost/olabs/CHE/INC/Preparation_Inorganic_Compounds/images/SCENE3/solutionSmall.png]
[localhost/olabs/CHE/INC/Preparation_Inorganic_Compounds/images/SCENE3/petri small top.png]
[localhost/olabs/CHE/INC/Preparation_Inorganic_Compounds/images/SCENE3/petri big bottom.png]
[localhost/olabs/CHE/INC/Preparation_Inorganic_Compounds/images/SCENE3/solution large.png]
[localhost/olabs/CHE/INC/Preparation_Inorganic_Compounds/images/SCENE3/petri big top.png]
[localhost/olabs/CHE/INC/Preparation_Inorganic_Compounds/images/SCENE3/solutionSmall_1.png]
[localhost/olabs/CHE/INC/Preparation_Inorganic_Compounds/images/SCENE3/crystals_temp.png]
[localhost/olabs/CHE/INC/Preparation_Inorganic_Compounds/images/dropper.png]
[localhost/olabs/CHE/INC/Preparation_Inorganic_Compounds/images/filterpaper1.png]
[localhost/olabs/CHE/INC/Preparation_Inorganic_Compounds/images/filterpaper2.png]
[localhost/olabs/CHE/INC/Preparation_Inorganic_Compounds/images/zoom_mohrs.jpg]
[localhost/olabs/CHE/INC/Preparation_Inorganic_Compounds/images/powder_pours/ammonium_pour1.png]
[localhost/olabs/CHE/INC/Preparation_Inorganic_Compounds/images/mohrs_salt/ferric_chloride.png]
[localhost/olabs/CHE/INC/Preparation_Inorganic_Compounds/images/powder_pours/ferric_pour.png]
[localhost/olabs/CHE/INC/Preparation_Inorganic_Compounds/images/filterPaperSmall.png]
[localhost/olabs/CHE/INC/Preparation_Inorganic_Compounds/images/buchner_funnel.png]
[localhost/olabs/CHE/INC/Preparation_Inorganic_Compounds/images/watchGlass2.png]
[localhost/olabs/CHE/INC/Preparation_Inorganic_Compounds/images/sand bath.png]
[localhost/olabs/CHE/INC/Preparation_Inorganic_Compounds/images/blackpaper on dish.png]
[localhost/olabs/CHE/INC/Preparation_Inorganic_Compounds/images/sand bath soil top.png]
[localhost/olabs/CHE/INC/Preparation_Inorganic_Compounds/images/SCENE3/troughSoluBottom.png]
[localhost/olabs/CHE/INC/Preparation_Inorganic_Compounds/images/SCENE3/troughSoluTop.png]
[localhost/olabs/CHE/INC/Preparation_Inorganic_Compounds/images/blackpaper on table.png]
[localhost/olabs/CHE/INC/Preparation_Inorganic_Compounds/images/mohrs_salt/chinadish full.png]
[localhost/olabs/CHE/INC/Preparation_Inorganic_Compounds/images/SCENE3/crystals.png]
[localhost/olabs/CHE/INC/Preparation_Inorganic_Compounds/images/zoom_comlexPotassium.jpg]
[localhost/olabs/CHE/INC/Preparation_Inorganic_Compounds/images/inference.png]
[localhost/olabs/CHE/INC/Preparation_Inorganic_Compounds/images/clockBody.png]
[localhost/olabs/CHE/INC/Preparation_Inorganic_Compounds/images/needle.png]
[localhost/olabs/CHE/INC/Preparation_Inorganic_Compounds/images/popup_1.png]
[localhost/olabs/html5/index820b.html]
[localhost/olabs/CHE/INC/Determination_of_concentration_of_KMnO4_solution/js/jQueryRotate.2.2.js]
[localhost/olabs/CHE/INC/Determination_of_concentration_of_KMnO4_solution/js/help.js]
[localhost/olabs/CHE/INC/Determination_of_concentration_of_KMnO4_solution/js/simcontrols.js]
[localhost/olabs/CHE/INC/Determination_of_concentration_of_KMnO4_solution/locale/en-IN/LC_MESSAGES/language.js]
[localhost/olabs/CHE/INC/Determination_of_concentration_of_KMnO4_solution/images/BG.gif]
[localhost/olabs/CHE/INC/Determination_of_concentration_of_KMnO4_solution/images/burette_solution_zoom.png]
[localhost/olabs/CHE/INC/Determination_of_concentration_of_KMnO4_solution/images/burette_zoom.png]
[localhost/olabs/CHE/INC/Determination_of_concentration_of_KMnO4_solution/images/zoom_area.png]
[localhost/olabs/CHE/INC/Determination_of_concentration_of_KMnO4_solution/images/label_board.png]
[localhost/olabs/CHE/INC/Determination_of_concentration_of_KMnO4_solution/images/violetDisolve.png]
[localhost/olabs/CHE/INC/Determination_of_concentration_of_KMnO4_solution/images/solution_bg.png]
[localhost/olabs/CHE/INC/Determination_of_concentration_of_KMnO4_solution/images/conical_flask_solution.png]
[localhost/olabs/CHE/INC/Determination_of_concentration_of_KMnO4_solution/images/conical_flask.png]
[localhost/olabs/CHE/INC/Determination_of_concentration_of_KMnO4_solution/images/drop.png]
[localhost/olabs/CHE/INC/Determination_of_concentration_of_KMnO4_solution/images/burette_solution_top.png]
[localhost/olabs/CHE/INC/Determination_of_concentration_of_KMnO4_solution/images/burette_solution_bottom.png]
[localhost/olabs/CHE/INC/Determination_of_concentration_of_KMnO4_solution/images/burette_off.png]
[localhost/olabs/CHE/INC/Determination_of_concentration_of_KMnO4_solution/images/burette_on.png]
[localhost/olabs/CHE/INC/Determination_of_concentration_of_KMnO4_solution/images/burette_stand.png]
[localhost/olabs/CHE/INC/Determination_of_concentration_of_KMnO4_solution/images/flame1.png]
[localhost/olabs/CHE/INC/Determination_of_concentration_of_KMnO4_solution/images/flame2.png]
[localhost/olabs/CHE/INC/Determination_of_concentration_of_KMnO4_solution/images/flame3.png]
[localhost/olabs/CHE/INC/Determination_of_concentration_of_KMnO4_solution/images/flame4.png]
[localhost/olabs/CHE/INC/Determination_of_concentration_of_KMnO4_solution/images/burner.png]
[localhost/olabs/CHE/INC/Determination_of_concentration_of_KMnO4_solution/images/burner_off.png]
[localhost/olabs/CHE/INC/Determination_of_concentration_of_KMnO4_solution/images/testtube_with_solution.png]
[localhost/olabs/CHE/INC/Determination_of_concentration_of_KMnO4_solution/images/testtube_stand.png]
[localhost/olabs/CHE/INC/Determination_of_concentration_of_KMnO4_solution/images/popup.png]
[localhost/olabs/html5/indexb8ff.html]
[localhost/olabs/CHE/ORG/Preparation_of_Organic_compounds/js/help.js]
[localhost/olabs/CHE/ORG/Preparation_of_Organic_compounds/js/simcontrols.js]
[localhost/olabs/CHE/ORG/Preparation_of_Organic_compounds/js/jQueryRotate.js]
[localhost/olabs/CHE/ORG/Preparation_of_Organic_compounds/locale/en-IN/language.js]
[localhost/olabs/CHE/ORG/Preparation_of_Organic_compounds/images/BG1.gif]
[localhost/olabs/CHE/ORG/Preparation_of_Organic_compounds/images/BG2.gif]
[localhost/olabs/CHE/ORG/Preparation_of_Organic_compounds/images/BGZoom.gif]
[localhost/olabs/CHE/ORG/Preparation_of_Organic_compounds/images/inference.png]
[localhost/olabs/CHE/ORG/Preparation_of_Organic_compounds/images/icebathBottom.png]
[localhost/olabs/CHE/ORG/Preparation_of_Organic_compounds/images/cork.png]
[localhost/olabs/CHE/ORG/Preparation_of_Organic_compounds/images/flame1.png]
[localhost/olabs/CHE/ORG/Preparation_of_Organic_compounds/images/burnerOff.png]
[localhost/olabs/CHE/ORG/Preparation_of_Organic_compounds/images/burnerOn.png]
[localhost/olabs/CHE/ORG/Preparation_of_Organic_compounds/images/whiteSolnline1.png]
[localhost/olabs/CHE/ORG/Preparation_of_Organic_compounds/images/whiteSolnline2.png]
[localhost/olabs/CHE/ORG/Preparation_of_Organic_compounds/images/rbflask.png]
[localhost/olabs/CHE/ORG/Preparation_of_Organic_compounds/images/thermocoal.png]
[localhost/olabs/CHE/ORG/Preparation_of_Organic_compounds/images/cylinder.png]
[localhost/olabs/CHE/ORG/Preparation_of_Organic_compounds/images/equipment.png]
[localhost/olabs/CHE/ORG/Preparation_of_Organic_compounds/images/rod.png]
[localhost/olabs/CHE/ORG/Preparation_of_Organic_compounds/images/DropperTwo.png]
[localhost/olabs/CHE/ORG/Preparation_of_Organic_compounds/images/DropperSolution.png]
[localhost/olabs/CHE/ORG/Preparation_of_Organic_compounds/images/testtubeSmall.png]
[localhost/olabs/CHE/ORG/Preparation_of_Organic_compounds/images/dropperStand.png]
[localhost/olabs/CHE/ORG/Preparation_of_Organic_compounds/images/icecubes_in_beaker.png]
[localhost/olabs/CHE/ORG/Preparation_of_Organic_compounds/images/hot_machine.png]
[localhost/olabs/CHE/ORG/Preparation_of_Organic_compounds/images/light_on.png]
[localhost/olabs/CHE/ORG/Preparation_of_Organic_compounds/images/light_off.png]
[localhost/olabs/CHE/ORG/Preparation_of_Organic_compounds/images/switch_on.png]
[localhost/olabs/CHE/ORG/Preparation_of_Organic_compounds/images/switch_off.png]
[localhost/olabs/CHE/ORG/Preparation_of_Organic_compounds/images/compound1.png]
[localhost/olabs/CHE/ORG/Preparation_of_Organic_compounds/images/powder3.png]
[localhost/olabs/CHE/ORG/Preparation_of_Organic_compounds/images/beaker3.png]
[localhost/olabs/CHE/ORG/Preparation_of_Organic_compounds/images/rbflask3.png]
[localhost/olabs/CHE/ORG/Preparation_of_Organic_compounds/images/thermocoal3.png]
[localhost/olabs/CHE/ORG/Preparation_of_Organic_compounds/images/stand3.png]
[localhost/olabs/CHE/ORG/Preparation_of_Organic_compounds/images/clock.png]
[localhost/olabs/CHE/ORG/Preparation_of_Organic_compounds/images/needle.png]
[localhost/olabs/CHE/ORG/Preparation_of_Organic_compounds/images/waterBottle.png]
[localhost/olabs/CHE/ORG/Preparation_of_Organic_compounds/images/filter.png]
[localhost/olabs/CHE/ORG/Preparation_of_Organic_compounds/images/burnerWithStand.png]
[localhost/olabs/CHE/ORG/Preparation_of_Organic_compounds/images/burnerWithStandOff.png]
[localhost/olabs/CHE/ORG/Preparation_of_Organic_compounds/images/burnerWithStandOn.png]
[localhost/olabs/CHE/ORG/Preparation_of_Organic_compounds/images/beaker.png]
[localhost/olabs/CHE/ORG/Preparation_of_Organic_compounds/images/filterPaper.png]
[localhost/olabs/CHE/ORG/Preparation_of_Organic_compounds/images/Conicalflasksolution.png]
[localhost/olabs/CHE/ORG/Preparation_of_Organic_compounds/images/conicalFlask.png]
[localhost/olabs/CHE/ORG/Preparation_of_Organic_compounds/images/beakerBig3.png]
[localhost/olabs/CHE/ORG/Preparation_of_Organic_compounds/images/icebathTop.png]
[localhost/olabs/CHE/ORG/Preparation_of_Organic_compounds/images/spatula.png]
[localhost/olabs/CHE/ORG/Preparation_of_Organic_compounds/images/whiteSpatula.png]
[localhost/olabs/CHE/ORG/Preparation_of_Organic_compounds/images/watchglassZoom.png]
[localhost/olabs/CHE/ORG/Preparation_of_Organic_compounds/images/buchner_funnel.png]
[localhost/olabs/CHE/ORG/Preparation_of_Organic_compounds/images/buchnerFunnelSoln.png]
[localhost/olabs/CHE/ORG/Preparation_of_Organic_compounds/images/dropperSoln.png]
[localhost/olabs/CHE/ORG/Preparation_of_Organic_compounds/images/dropper.png]
[localhost/olabs/CHE/ORG/Preparation_of_Organic_compounds/images/bottle.png]
[localhost/olabs/CHE/ORG/Preparation_of_Organic_compounds/images/labelZoom.png]
[localhost/olabs/CHE/ORG/Preparation_of_Organic_compounds/images/label.png]
[localhost/olabs/CHE/ORG/Preparation_of_Organic_compounds/images/nextbtn.png]
[localhost/olabs/CHE/ORG/Preparation_of_Organic_compounds/images/bigButton.png]
[localhost/olabs/CHE/ORG/Preparation_of_Organic_compounds/images/Icon1.png]
[localhost/olabs/CHE/ORG/Preparation_of_Organic_compounds/images/Icon2.png]
[localhost/olabs/CHE/ORG/Preparation_of_Organic_compounds/images/Icon3.png]
[localhost/olabs/CHE/ORG/Preparation_of_Organic_compounds/images/Icon4.png]
[localhost/olabs/html5/index2d7b.html]
[localhost/olabs/CHE/PHC/Chemical_Kinetics_Rate_reaction_iodide_ions_hydrogen_peroxide/js/help.js]
[localhost/olabs/CHE/PHC/Chemical_Kinetics_Rate_reaction_iodide_ions_hydrogen_peroxide/js/simcontrols.js]
[localhost/olabs/CHE/PHC/Chemical_Kinetics_Rate_reaction_iodide_ions_hydrogen_peroxide/locale/en-IN/language.js]
[localhost/olabs/CHE/PHC/Chemical_Kinetics_Rate_reaction_iodide_ions_hydrogen_peroxide/images/BG.gif]
[localhost/olabs/CHE/PHC/Chemical_Kinetics_Rate_reaction_iodide_ions_hydrogen_peroxide/images/glassrod2.png]
[localhost/olabs/CHE/PHC/Chemical_Kinetics_Rate_reaction_iodide_ions_hydrogen_peroxide/images/stand.png]
[localhost/olabs/CHE/PHC/Chemical_Kinetics_Rate_reaction_iodide_ions_hydrogen_peroxide/images/Conicalflasksmall_solution.png]
[localhost/olabs/CHE/PHC/Chemical_Kinetics_Rate_reaction_iodide_ions_hydrogen_peroxide/images/Conicalflask_small.png]
[localhost/olabs/CHE/PHC/Chemical_Kinetics_Rate_reaction_iodide_ions_hydrogen_peroxide/images/Measuringjar_solution.png]
[localhost/olabs/CHE/PHC/Chemical_Kinetics_Rate_reaction_iodide_ions_hydrogen_peroxide/images/Measuring_jar.png]
[localhost/olabs/CHE/PHC/Chemical_Kinetics_Rate_reaction_iodide_ions_hydrogen_peroxide/images/Measuring_jar1.png]
[localhost/olabs/CHE/PHC/Chemical_Kinetics_Rate_reaction_iodide_ions_hydrogen_peroxide/images/Measuringjar_shadow.png]
[localhost/olabs/CHE/PHC/Chemical_Kinetics_Rate_reaction_iodide_ions_hydrogen_peroxide/images/bottle1_solution.png]
[localhost/olabs/CHE/PHC/Chemical_Kinetics_Rate_reaction_iodide_ions_hydrogen_peroxide/images/bottle1.png]
[localhost/olabs/CHE/PHC/Chemical_Kinetics_Rate_reaction_iodide_ions_hydrogen_peroxide/images/bottle1_cap.png]
[localhost/olabs/CHE/PHC/Chemical_Kinetics_Rate_reaction_iodide_ions_hydrogen_peroxide/images/beakersmall_sol.png]
[localhost/olabs/CHE/PHC/Chemical_Kinetics_Rate_reaction_iodide_ions_hydrogen_peroxide/images/beaker_small.png]
[localhost/olabs/CHE/PHC/Chemical_Kinetics_Rate_reaction_iodide_ions_hydrogen_peroxide/images/bottle2_solution.png]
[localhost/olabs/CHE/PHC/Chemical_Kinetics_Rate_reaction_iodide_ions_hydrogen_peroxide/images/bottle2.png]
[localhost/olabs/CHE/PHC/Chemical_Kinetics_Rate_reaction_iodide_ions_hydrogen_peroxide/images/bottle2_cap.png]
[localhost/olabs/CHE/PHC/Chemical_Kinetics_Rate_reaction_iodide_ions_hydrogen_peroxide/images/bottle3_solution.png]
[localhost/olabs/CHE/PHC/Chemical_Kinetics_Rate_reaction_iodide_ions_hydrogen_peroxide/images/bottleBrown.png]
[localhost/olabs/CHE/PHC/Chemical_Kinetics_Rate_reaction_iodide_ions_hydrogen_peroxide/images/stop_watch.png]
[localhost/olabs/CHE/PHC/Chemical_Kinetics_Rate_reaction_iodide_ions_hydrogen_peroxide/images/stopwatch_green light.png]
[localhost/olabs/CHE/PHC/Chemical_Kinetics_Rate_reaction_iodide_ions_hydrogen_peroxide/images/stopwatchredlight.png]
[localhost/olabs/CHE/PHC/Chemical_Kinetics_Rate_reaction_iodide_ions_hydrogen_peroxide/images/Conicalflask_bluesolution.png]
[localhost/olabs/CHE/PHC/Chemical_Kinetics_Rate_reaction_iodide_ions_hydrogen_peroxide/images/Conicalflasksolution.png]
[localhost/olabs/CHE/PHC/Chemical_Kinetics_Rate_reaction_iodide_ions_hydrogen_peroxide/images/Conicalflask_shadow.png]
[localhost/olabs/CHE/PHC/Chemical_Kinetics_Rate_reaction_iodide_ions_hydrogen_peroxide/images/Conical_flask.png]
[localhost/olabs/CHE/PHC/Chemical_Kinetics_Rate_reaction_iodide_ions_hydrogen_peroxide/images/pourline2.png]
[localhost/olabs/html5/index00fd.html]
[localhost/olabs/CHE/PHC/The_Law_of_Conservation_of_Mass_in_a_Chemical_Reaction/js/runtime.js]
[localhost/olabs/CHE/PHC/The_Law_of_Conservation_of_Mass_in_a_Chemical_Reaction/js/swiffy.js]
[localhost/olabs/CHE/PHC/The_Law_of_Conservation_of_Mass_in_a_Chemical_Reaction/js/jquery.qtip.min.js]
[localhost/olabs/CHE/PHC/The_Law_of_Conservation_of_Mass_in_a_Chemical_Reaction/js/simcontrols.js]
[localhost/olabs/CHE/PHC/The_Law_of_Conservation_of_Mass_in_a_Chemical_Reaction/js/responsive.js]
[localhost/olabs/CHE/PHC/The_Law_of_Conservation_of_Mass_in_a_Chemical_Reaction/locale/en-IN/language.js]
[localhost/olabs/CHE/PHC/The_Law_of_Conservation_of_Mass_in_a_Chemical_Reaction/images/inference.png]
[localhost/olabs/CHE/PHC/The_Law_of_Conservation_of_Mass_in_a_Chemical_Reaction/images/tooltip_box.png]
[localhost/olabs/CHE/PHC/The_Law_of_Conservation_of_Mass_in_a_Chemical_Reaction/images/Animation3still.png]
[localhost/olabs/CHE/PHC/The_Law_of_Conservation_of_Mass_in_a_Chemical_Reaction/images/stillImage.png]
[localhost/olabs/CHE/PHC/The_Law_of_Conservation_of_Mass_in_a_Chemical_Reaction/images/nextbtn.png]
[localhost/olabs/html5/index8676.html]
[localhost/olabs/CHE/ORG/Saponification_The_Process_of_Making_Soap/js/jquery-ui-1.8.21.custom.min.js]
[localhost/olabs/CHE/ORG/Saponification_The_Process_of_Making_Soap/js/runtime.js]
[localhost/olabs/CHE/ORG/Saponification_The_Process_of_Making_Soap/js/Preloader.min.js]
[localhost/olabs/CHE/ORG/Saponification_The_Process_of_Making_Soap/js/swiffy_Animation.js]
[localhost/olabs/CHE/ORG/Saponification_The_Process_of_Making_Soap/js/jquery.qtip-1.0.0-rc3.min.js]
[localhost/olabs/CHE/ORG/Saponification_The_Process_of_Making_Soap/locale/en-IN/language.js]
[localhost/olabs/CHE/ORG/Saponification_The_Process_of_Making_Soap/images/BG03.png]
[localhost/olabs/CHE/ORG/Saponification_The_Process_of_Making_Soap/images/BG02Beaker.png]
[localhost/olabs/CHE/ORG/Saponification_The_Process_of_Making_Soap/images/BG03Beaker.png]
[localhost/olabs/CHE/ORG/Saponification_The_Process_of_Making_Soap/images/BG04Beaker.png]
[localhost/olabs/CHE/ORG/Saponification_The_Process_of_Making_Soap/images/on_stateBurner.png]
[localhost/olabs/CHE/ORG/Saponification_The_Process_of_Making_Soap/images/soapImage.png]
[localhost/olabs/CHE/ORG/Saponification_The_Process_of_Making_Soap/images/inferrenceToolTip.png]
[localhost/olabs/CHE/ORG/Saponification_The_Process_of_Making_Soap/images/inform.png]
[localhost/olabs/CHE/ORG/Saponification_The_Process_of_Making_Soap/images/nextbtn.png]
[localhost/olabs/CHE/ORG/Saponification_The_Process_of_Making_Soap/images/tooltip_box.png]
[localhost/olabs/html5/index3b81.html]
[localhost/olabs/CHE/ORG/Saponification_The_Process_of_Making_Soap/js/simcontrols.js]
[localhost/olabs/CHE/ORG/Cleaning_Capacity_of_Soap_with_Hard_and_Soft_Water/js/jquery-ui-1.8.21.custom.min.js]
[localhost/olabs/CHE/ORG/Cleaning_Capacity_of_Soap_with_Hard_and_Soft_Water/js/touchconvert.js]
[localhost/olabs/CHE/ORG/Cleaning_Capacity_of_Soap_with_Hard_and_Soft_Water/js/jquery.qtip-1.0.0-rc3.min.js]
[localhost/olabs/CHE/ORG/Cleaning_Capacity_of_Soap_with_Hard_and_Soft_Water/locale/en-IN/language.js]
[localhost/olabs/CHE/ORG/Cleaning_Capacity_of_Soap_with_Hard_and_Soft_Water/js/simcontrols.js]
[localhost/olabs/CHE/ORG/Cleaning_Capacity_of_Soap_with_Hard_and_Soft_Water/images/watchglass.png]
[localhost/olabs/CHE/ORG/Cleaning_Capacity_of_Soap_with_Hard_and_Soft_Water/images/beaker.png]
[localhost/olabs/CHE/ORG/Cleaning_Capacity_of_Soap_with_Hard_and_Soft_Water/images/beaker_under.png]
[localhost/olabs/CHE/ORG/Cleaning_Capacity_of_Soap_with_Hard_and_Soft_Water/images/waterMilky.png]
[localhost/olabs/CHE/ORG/Cleaning_Capacity_of_Soap_with_Hard_and_Soft_Water/images/soap.png]
[localhost/olabs/CHE/ORG/Cleaning_Capacity_of_Soap_with_Hard_and_Soft_Water/images/distilledWaterTop.png]
[localhost/olabs/CHE/ORG/Cleaning_Capacity_of_Soap_with_Hard_and_Soft_Water/images/distilledWater_under.png]
[localhost/olabs/CHE/ORG/Cleaning_Capacity_of_Soap_with_Hard_and_Soft_Water/images/zoomTestTubeBubbleImg.png]
[localhost/olabs/CHE/ORG/Cleaning_Capacity_of_Soap_with_Hard_and_Soft_Water/images/rod.png]
[localhost/olabs/CHE/ORG/Cleaning_Capacity_of_Soap_with_Hard_and_Soft_Water/images/burner_on.png]
[localhost/olabs/CHE/ORG/Cleaning_Capacity_of_Soap_with_Hard_and_Soft_Water/images/testubeBubbles.png]
[localhost/olabs/CHE/ORG/Cleaning_Capacity_of_Soap_with_Hard_and_Soft_Water/images/testtubeSolution.png]
[localhost/olabs/CHE/ORG/Cleaning_Capacity_of_Soap_with_Hard_and_Soft_Water/images/testubestandunder.png]
[localhost/olabs/CHE/ORG/Cleaning_Capacity_of_Soap_with_Hard_and_Soft_Water/images/testTube.png]
[localhost/olabs/CHE/ORG/Cleaning_Capacity_of_Soap_with_Hard_and_Soft_Water/images/testubestand_Top.png]
[localhost/olabs/CHE/ORG/Cleaning_Capacity_of_Soap_with_Hard_and_Soft_Water/images/nextbtn.png]
[localhost/olabs/CHE/ORG/Cleaning_Capacity_of_Soap_with_Hard_and_Soft_Water/images/diswaterShakeTop.png]
[localhost/olabs/CHE/ORG/Cleaning_Capacity_of_Soap_with_Hard_and_Soft_Water/images/diswaterShake_under.png]
[localhost/olabs/CHE/ORG/Cleaning_Capacity_of_Soap_with_Hard_and_Soft_Water/images/minutLabel.png]
[localhost/olabs/CHE/ORG/Cleaning_Capacity_of_Soap_with_Hard_and_Soft_Water/images/needle.png]
[localhost/olabs/CHE/ORG/Cleaning_Capacity_of_Soap_with_Hard_and_Soft_Water/images/burner.png]
[localhost/olabs/CHE/ORG/Cleaning_Capacity_of_Soap_with_Hard_and_Soft_Water/images/scale.png]
[localhost/olabs/CHE/ORG/Cleaning_Capacity_of_Soap_with_Hard_and_Soft_Water/images/flame.png]
[localhost/olabs/CHE/ORG/Cleaning_Capacity_of_Soap_with_Hard_and_Soft_Water/images/cloth.png]
[localhost/olabs/CHE/ORG/Cleaning_Capacity_of_Soap_with_Hard_and_Soft_Water/images/clockBody.png]
[localhost/olabs/CHE/ORG/Cleaning_Capacity_of_Soap_with_Hard_and_Soft_Water/images/resultzoomPaper.png]
[localhost/olabs/CHE/ORG/Cleaning_Capacity_of_Soap_with_Hard_and_Soft_Water/images/resultzoom1.png]
[localhost/olabs/CHE/ORG/Cleaning_Capacity_of_Soap_with_Hard_and_Soft_Water/images/resultzoom2.png]
[localhost/olabs/CHE/ORG/Cleaning_Capacity_of_Soap_with_Hard_and_Soft_Water/images/resultzoom3.png]
[localhost/olabs/CHE/ORG/Cleaning_Capacity_of_Soap_with_Hard_and_Soft_Water/images/testTubewithHand.png]
[localhost/olabs/CHE/ORG/Cleaning_Capacity_of_Soap_with_Hard_and_Soft_Water/images/closeBtn.png]
[localhost/olabs/CHE/ORG/Cleaning_Capacity_of_Soap_with_Hard_and_Soft_Water/images/BG2.png]
[localhost/olabs/CHE/ORG/Cleaning_Capacity_of_Soap_with_Hard_and_Soft_Water/images/BG3.png]
[localhost/olabs/CHE/ORG/Cleaning_Capacity_of_Soap_with_Hard_and_Soft_Water/images/zoomTestTubeImg.png]
[localhost/olabs/CHE/ORG/Cleaning_Capacity_of_Soap_with_Hard_and_Soft_Water/images/tooltip_box.png]
[localhost/olabs/CHE/ORG/Cleaning_Capacity_of_Soap_with_Hard_and_Soft_Water/images/inference.png]
[localhost/olabs/CHE/ORG/Cleaning_Capacity_of_Soap_with_Hard_and_Soft_Water/images/inferrenceToolTip.png]
[localhost/olabs/CHE/ORG/Cleaning_Capacity_of_Soap_with_Hard_and_Soft_Water/images/BG.png]
[localhost/olabs/html5/index6aa4.html]
[localhost/olabs/CHE/ANC/Chromatography/js/help.js]
[localhost/olabs/CHE/ANC/Chromatography/locale/hi-IN/LC_MESSAGES/language.js]
[localhost/olabs/CHE/ANC/Chromatography/images/inform.png]
[localhost/olabs/CHE/ANC/Chromatography/images/beaker_soln.png]
[localhost/olabs/CHE/ANC/Chromatography/images/solLabel.png]
[localhost/olabs/CHE/ANC/Chromatography/images/chamber.png]
[localhost/olabs/CHE/ANC/Chromatography/images/champerDoor.png]
[localhost/olabs/CHE/ANC/Chromatography/images/paperColor3.png]
[localhost/olabs/CHE/ANC/Chromatography/images/paperColor7.png]
[localhost/olabs/CHE/ANC/Chromatography/images/paperColor6.png]
[localhost/olabs/CHE/ANC/Chromatography/images/paperColor5.png]
[localhost/olabs/CHE/ANC/Chromatography/images/paperColor4.png]
[localhost/olabs/CHE/ANC/Chromatography/images/on_table.png]
[localhost/olabs/CHE/ANC/Chromatography/images/darkblue.png]
[localhost/olabs/CHE/ANC/Chromatography/images/arrow.png]
[localhost/olabs/CHE/ANC/Chromatography/images/hand_tube.png]
[localhost/olabs/CHE/ANC/Chromatography/images/scale.png]
[localhost/olabs/CHE/ANC/Chromatography/images/clockBody.png]
[localhost/olabs/CHE/ANC/Chromatography/images/needle.png]
[localhost/olabs/CHE/ANC/Chromatography/images/Paper_zoomed.png]
[localhost/olabs/CHE/ANC/Chromatography/images/Scalezoom4.png]
[localhost/olabs/CHE/ANC/Chromatography/images/zoomRed.png]
[localhost/olabs/CHE/ANC/Chromatography/images/zoomBlue.png]
[localhost/olabs/CHE/ANC/Chromatography/images/zoomYellow.png]
[localhost/olabs/CHE/ANC/Chromatography/images/zoomLightGreen.png]
[localhost/olabs/CHE/ANC/Chromatography/images/zoomDarkGreen.png]
[localhost/olabs/CHE/ANC/Chromatography/js/simcontrols.js]
[localhost/olabs/html5/index3036.html]
[localhost/olabs/CHE/ORG/Qualitative_Analysis_of_proteins/js/simcontrols.js]
[localhost/olabs/CHE/ORG/Qualitative_Analysis_of_proteins/js/help.js]
[localhost/olabs/CHE/ORG/Qualitative_Analysis_of_proteins/locale/en-IN/language.js]
[localhost/olabs/CHE/ORG/Qualitative_Analysis_of_proteins/images/background.png]
[localhost/olabs/CHE/ORG/Qualitative_Analysis_of_proteins/images/burner.png]
[localhost/olabs/CHE/ORG/Qualitative_Analysis_of_proteins/images/burnerOff.png]
[localhost/olabs/CHE/ORG/Qualitative_Analysis_of_proteins/images/burnerOn.png]
[localhost/olabs/CHE/ORG/Qualitative_Analysis_of_proteins/images/flame1.png]
[localhost/olabs/CHE/ORG/Qualitative_Analysis_of_proteins/images/flame2.png]
[localhost/olabs/CHE/ORG/Qualitative_Analysis_of_proteins/images/flame3.png]
[localhost/olabs/CHE/ORG/Qualitative_Analysis_of_proteins/images/flame4.png]
[localhost/olabs/CHE/ORG/Qualitative_Analysis_of_proteins/images/flame5.png]
[localhost/olabs/CHE/ORG/Qualitative_Analysis_of_proteins/images/testTube.png]
[localhost/olabs/CHE/ORG/Qualitative_Analysis_of_proteins/images/stand.png]
[localhost/olabs/CHE/ORG/Qualitative_Analysis_of_proteins/images/label.png]
[localhost/olabs/CHE/ORG/Qualitative_Analysis_of_proteins/images/bottle.png]
[localhost/olabs/CHE/ORG/Qualitative_Analysis_of_proteins/images/brownBottle.png]
[localhost/olabs/CHE/ORG/Qualitative_Analysis_of_proteins/images/bottleShadow.png]
[localhost/olabs/CHE/ORG/Qualitative_Analysis_of_proteins/images/dropper.png]
[localhost/olabs/CHE/ORG/Qualitative_Analysis_of_proteins/images/dropperSolnImg.png]
[localhost/olabs/CHE/ORG/Qualitative_Analysis_of_proteins/images/dropperSolnImgTwo.png]
[localhost/olabs/CHE/ORG/Qualitative_Analysis_of_proteins/images/clock.png]
[localhost/olabs/CHE/ORG/Qualitative_Analysis_of_proteins/images/clock_Needle.png]
[localhost/olabs/CHE/ORG/Qualitative_Analysis_of_proteins/images/inference.png]
[localhost/olabs/CHE/ORG/Qualitative_Analysis_of_proteins/images/drop.png]
[localhost/olabs/html5/indexcdd1.html]
[localhost/olabs/CHE/ORG/Tests_for_the_functional_group_present_in_the_organic_compounds/js/help.js]
[localhost/olabs/CHE/ORG/Tests_for_the_functional_group_present_in_the_organic_compounds/js/simcontrols.js]
[localhost/olabs/CHE/ORG/Tests_for_the_functional_group_present_in_the_organic_compounds/js/jQueryRotate.js]
[localhost/olabs/CHE/ORG/Tests_for_the_functional_group_present_in_the_organic_compounds/locale/ml-IN/language.js]
[localhost/olabs/CHE/ORG/Tests_for_the_functional_group_present_in_the_organic_compounds/images/BG.gif]
[localhost/olabs/CHE/ORG/Tests_for_the_functional_group_present_in_the_organic_compounds/images/powder.png]
[localhost/olabs/CHE/ORG/Tests_for_the_functional_group_present_in_the_organic_compounds/images/glassrod.png]
[localhost/olabs/CHE/ORG/Tests_for_the_functional_group_present_in_the_organic_compounds/images/cork.png]
[localhost/olabs/CHE/ORG/Tests_for_the_functional_group_present_in_the_organic_compounds/images/filterFunnel.png]
[localhost/olabs/CHE/ORG/Tests_for_the_functional_group_present_in_the_organic_compounds/images/smoke.png]
[localhost/olabs/CHE/ORG/Tests_for_the_functional_group_present_in_the_organic_compounds/images/forceps.png]
[localhost/olabs/CHE/ORG/Tests_for_the_functional_group_present_in_the_organic_compounds/images/filterPaper.png]
[localhost/olabs/CHE/ORG/Tests_for_the_functional_group_present_in_the_organic_compounds/images/sodium.png]
[localhost/olabs/CHE/ORG/Tests_for_the_functional_group_present_in_the_organic_compounds/images/icebathBottom.png]
[localhost/olabs/CHE/ORG/Tests_for_the_functional_group_present_in_the_organic_compounds/images/whitePowderTesttube.png]
[localhost/olabs/CHE/ORG/Tests_for_the_functional_group_present_in_the_organic_compounds/images/silverMirror.png]
[localhost/olabs/CHE/ORG/Tests_for_the_functional_group_present_in_the_organic_compounds/images/crystPpt.png]
[localhost/olabs/CHE/ORG/Tests_for_the_functional_group_present_in_the_organic_compounds/images/testtube.png]
[localhost/olabs/CHE/ORG/Tests_for_the_functional_group_present_in_the_organic_compounds/images/naphthol.png]
[localhost/olabs/CHE/ORG/Tests_for_the_functional_group_present_in_the_organic_compounds/images/icebathTop.png]
[localhost/olabs/CHE/ORG/Tests_for_the_functional_group_present_in_the_organic_compounds/images/stand1.png]
[localhost/olabs/CHE/ORG/Tests_for_the_functional_group_present_in_the_organic_compounds/images/stand2.png]
[localhost/olabs/CHE/ORG/Tests_for_the_functional_group_present_in_the_organic_compounds/images/stand3.png]
[localhost/olabs/CHE/ORG/Tests_for_the_functional_group_present_in_the_organic_compounds/images/dropperSoln.png]
[localhost/olabs/CHE/ORG/Tests_for_the_functional_group_present_in_the_organic_compounds/images/dropper.png]
[localhost/olabs/CHE/ORG/Tests_for_the_functional_group_present_in_the_organic_compounds/images/bottle.png]
[localhost/olabs/CHE/ORG/Tests_for_the_functional_group_present_in_the_organic_compounds/images/brownBottle.png]
[localhost/olabs/CHE/ORG/Tests_for_the_functional_group_present_in_the_organic_compounds/images/label.png]
[localhost/olabs/CHE/ORG/Tests_for_the_functional_group_present_in_the_organic_compounds/images/Inference.png]
[localhost/olabs/CHE/ORG/Tests_for_the_functional_group_present_in_the_organic_compounds/images/burner.png]
[localhost/olabs/CHE/ORG/Tests_for_the_functional_group_present_in_the_organic_compounds/images/flame1.png]
[localhost/olabs/CHE/ORG/Tests_for_the_functional_group_present_in_the_organic_compounds/images/knoboff.png]
[localhost/olabs/CHE/ORG/Tests_for_the_functional_group_present_in_the_organic_compounds/images/knobon.png]
[localhost/olabs/CHE/ORG/Tests_for_the_functional_group_present_in_the_organic_compounds/images/watchglass.png]
[localhost/olabs/CHE/ORG/Tests_for_the_functional_group_present_in_the_organic_compounds/images/spatula.png]
[localhost/olabs/CHE/ORG/Tests_for_the_functional_group_present_in_the_organic_compounds/images/spatulaPowder.png]
[localhost/olabs/CHE/ORG/Tests_for_the_functional_group_present_in_the_organic_compounds/images/hot_machine.png]
[localhost/olabs/CHE/ORG/Tests_for_the_functional_group_present_in_the_organic_compounds/images/light_on.png]
[localhost/olabs/CHE/ORG/Tests_for_the_functional_group_present_in_the_organic_compounds/images/light_off.png]
[localhost/olabs/CHE/ORG/Tests_for_the_functional_group_present_in_the_organic_compounds/images/switch_on.png]
[localhost/olabs/CHE/ORG/Tests_for_the_functional_group_present_in_the_organic_compounds/images/switch_off.png]
[localhost/olabs/CHE/ORG/Tests_for_the_functional_group_present_in_the_organic_compounds/images/beakerSolution.png]
[localhost/olabs/CHE/ORG/Tests_for_the_functional_group_present_in_the_organic_compounds/images/beaker.png]
[localhost/olabs/CHE/ORG/Tests_for_the_functional_group_present_in_the_organic_compounds/images/nextbtn.png]
[localhost/olabs/CHE/ORG/Tests_for_the_functional_group_present_in_the_organic_compounds/images/beakerSmall.png]
[localhost/olabs/CHE/ORG/Tests_for_the_functional_group_present_in_the_organic_compounds/images/clock.png]
[localhost/olabs/CHE/ORG/Tests_for_the_functional_group_present_in_the_organic_compounds/images/needle.png]
[localhost/olabs/CHE/ORG/Tests_for_the_functional_group_present_in_the_organic_compounds/images/label2.png]
[localhost/olabs/CHE/ORG/Tests_for_the_functional_group_present_in_the_organic_compounds/images/sodiumBottle.png]
[localhost/olabs/CHE/ORG/Tests_for_the_functional_group_present_in_the_organic_compounds/images/sodiumBottleTop.png]
[localhost/olabs/html5/index4f92.html]
[localhost/olabs/CHE/PHC/Chemical_Kinetics_Effect_concentration_rate_reaction_sodium_thiosulphate/js/help.js]
[localhost/olabs/CHE/PHC/Chemical_Kinetics_Effect_concentration_rate_reaction_sodium_thiosulphate/js/simcontrols.js]
[localhost/olabs/CHE/PHC/Chemical_Kinetics_Effect_concentration_rate_reaction_sodium_thiosulphate/images/BG.gif]
[localhost/olabs/CHE/PHC/Chemical_Kinetics_Effect_concentration_rate_reaction_sodium_thiosulphate/images/Burette_solution.png]
[localhost/olabs/CHE/PHC/Chemical_Kinetics_Effect_concentration_rate_reaction_sodium_thiosulphate/images/burette_stand.png]
[localhost/olabs/CHE/PHC/Chemical_Kinetics_Effect_concentration_rate_reaction_sodium_thiosulphate/images/Burette_Knob2.png]
[localhost/olabs/CHE/PHC/Chemical_Kinetics_Effect_concentration_rate_reaction_sodium_thiosulphate/images/Burette_Knob1.png]
[localhost/olabs/CHE/PHC/Chemical_Kinetics_Effect_concentration_rate_reaction_sodium_thiosulphate/images/Conicalflask_solution.png]
[localhost/olabs/CHE/PHC/Chemical_Kinetics_Effect_concentration_rate_reaction_sodium_thiosulphate/images/Conicalflask_solutionyellow.png]
[localhost/olabs/CHE/PHC/Chemical_Kinetics_Effect_concentration_rate_reaction_sodium_thiosulphate/images/Conical_flask.png]
[localhost/olabs/CHE/PHC/Chemical_Kinetics_Effect_concentration_rate_reaction_sodium_thiosulphate/images/drop.png]
[localhost/olabs/CHE/PHC/Chemical_Kinetics_Effect_concentration_rate_reaction_sodium_thiosulphate/images/Measuringjar_shadow.png]
[localhost/olabs/CHE/PHC/Chemical_Kinetics_Effect_concentration_rate_reaction_sodium_thiosulphate/images/Measuringjar_solution.png]
[localhost/olabs/CHE/PHC/Chemical_Kinetics_Effect_concentration_rate_reaction_sodium_thiosulphate/images/Measuringcylinder.png]
[localhost/olabs/CHE/PHC/Chemical_Kinetics_Effect_concentration_rate_reaction_sodium_thiosulphate/images/label.png]
[localhost/olabs/CHE/PHC/Chemical_Kinetics_Effect_concentration_rate_reaction_sodium_thiosulphate/images/stop_watch.png]
[localhost/olabs/CHE/PHC/Chemical_Kinetics_Effect_concentration_rate_reaction_sodium_thiosulphate/images/stopwatch_green light.png]
[localhost/olabs/CHE/PHC/Chemical_Kinetics_Effect_concentration_rate_reaction_sodium_thiosulphate/images/stopwatchredlight.png]
[localhost/olabs/CHE/PHC/Chemical_Kinetics_Effect_concentration_rate_reaction_sodium_thiosulphate/images/Burettezoom_dottedlines.png]
[localhost/olabs/CHE/PHC/Chemical_Kinetics_Effect_concentration_rate_reaction_sodium_thiosulphate/images/Burette_zoom.png]
[localhost/olabs/CHE/PHC/Chemical_Kinetics_Effect_concentration_rate_reaction_sodium_thiosulphate/images/mark.png]
[localhost/olabs/CHE/PHC/Chemical_Kinetics_Effect_concentration_rate_reaction_sodium_thiosulphate/images/Burettezoom_measurement.png]
[localhost/olabs/CHE/PHC/Chemical_Kinetics_Effect_concentration_rate_reaction_sodium_thiosulphate/images/ConicalZoom_part.png]
[localhost/olabs/CHE/PHC/Chemical_Kinetics_Effect_concentration_rate_reaction_sodium_thiosulphate/images/ConicalZoom_X.png]
[localhost/olabs/CHE/PHC/Chemical_Kinetics_Effect_concentration_rate_reaction_sodium_thiosulphate/images/ConicalZoom_partcolor.png]
[localhost/olabs/CHE/PHC/Chemical_Kinetics_Effect_concentration_rate_reaction_sodium_thiosulphate/images/pourline2.png]
[localhost/olabs/CHE/PHC/Chemical_Kinetics_Effect_concentration_rate_reaction_sodium_thiosulphate/images/tool_tip.png]
[localhost/olabs/html5/index7eb1.html]
[localhost/olabs/CHE/PHC/Chemical_Kinetics_The_reaction_potassium_iodate_sodium_sulphite/js/help.js]
[localhost/olabs/CHE/PHC/Chemical_Kinetics_The_reaction_potassium_iodate_sodium_sulphite/js/simcontrols.js]
[localhost/olabs/CHE/PHC/Chemical_Kinetics_The_reaction_potassium_iodate_sodium_sulphite/locale/en-IN/language.js]
[localhost/olabs/CHE/PHC/Chemical_Kinetics_The_reaction_potassium_iodate_sodium_sulphite/images/BG.gif]
[localhost/olabs/CHE/PHC/Chemical_Kinetics_The_reaction_potassium_iodate_sodium_sulphite/images/Conicalflasksmall_solution.png]
[localhost/olabs/CHE/PHC/Chemical_Kinetics_The_reaction_potassium_iodate_sodium_sulphite/images/Conicalflask_small.png]
[localhost/olabs/CHE/PHC/Chemical_Kinetics_The_reaction_potassium_iodate_sodium_sulphite/images/Measuringjar_solution.png]
[localhost/olabs/CHE/PHC/Chemical_Kinetics_The_reaction_potassium_iodate_sodium_sulphite/images/Measuring_jar.png]
[localhost/olabs/CHE/PHC/Chemical_Kinetics_The_reaction_potassium_iodate_sodium_sulphite/images/Measuring_jar1.png]
[localhost/olabs/CHE/PHC/Chemical_Kinetics_The_reaction_potassium_iodate_sodium_sulphite/images/Measuringjar_shadow.png]
[localhost/olabs/CHE/PHC/Chemical_Kinetics_The_reaction_potassium_iodate_sodium_sulphite/images/bottle1_solution.png]
[localhost/olabs/CHE/PHC/Chemical_Kinetics_The_reaction_potassium_iodate_sodium_sulphite/images/bottle1.png]
[localhost/olabs/CHE/PHC/Chemical_Kinetics_The_reaction_potassium_iodate_sodium_sulphite/images/bottle1_cap.png]
[localhost/olabs/CHE/PHC/Chemical_Kinetics_The_reaction_potassium_iodate_sodium_sulphite/images/beakersmall_sol.png]
[localhost/olabs/CHE/PHC/Chemical_Kinetics_The_reaction_potassium_iodate_sodium_sulphite/images/beaker_small.png]
[localhost/olabs/CHE/PHC/Chemical_Kinetics_The_reaction_potassium_iodate_sodium_sulphite/images/bottle2_solution.png]
[localhost/olabs/CHE/PHC/Chemical_Kinetics_The_reaction_potassium_iodate_sodium_sulphite/images/bottle2.png]
[localhost/olabs/CHE/PHC/Chemical_Kinetics_The_reaction_potassium_iodate_sodium_sulphite/images/bottle2_cap.png]
[localhost/olabs/CHE/PHC/Chemical_Kinetics_The_reaction_potassium_iodate_sodium_sulphite/images/bottle3_solution.png]
[localhost/olabs/CHE/PHC/Chemical_Kinetics_The_reaction_potassium_iodate_sodium_sulphite/images/stop_watch.png]
[localhost/olabs/CHE/PHC/Chemical_Kinetics_The_reaction_potassium_iodate_sodium_sulphite/images/stopwatch_green light.png]
[localhost/olabs/CHE/PHC/Chemical_Kinetics_The_reaction_potassium_iodate_sodium_sulphite/images/stopwatchredlight.png]
[localhost/olabs/CHE/PHC/Chemical_Kinetics_The_reaction_potassium_iodate_sodium_sulphite/images/Conicalflask_bluesolution.png]
[localhost/olabs/CHE/PHC/Chemical_Kinetics_The_reaction_potassium_iodate_sodium_sulphite/images/Conicalflasksolution.png]
[localhost/olabs/CHE/PHC/Chemical_Kinetics_The_reaction_potassium_iodate_sodium_sulphite/images/Conicalflask_shadow.png]
[localhost/olabs/CHE/PHC/Chemical_Kinetics_The_reaction_potassium_iodate_sodium_sulphite/images/Conical_flask.png]
[localhost/olabs/CHE/PHC/Chemical_Kinetics_The_reaction_potassium_iodate_sodium_sulphite/images/pourline2.png]
[localhost/olabs/html5/indexd2b2.html]
[localhost/olabs/html5/index9fd3.html]
[localhost/olabs/CHE/PHC/Thermochemistry/js/help.js]
[localhost/olabs/CHE/PHC/Thermochemistry/js/simcontrols.js]
[localhost/olabs/CHE/PHC/Thermochemistry/js/jQueryRotate.js]
[localhost/olabs/CHE/PHC/Thermochemistry/locale/en-IN/language.js]
[localhost/olabs/CHE/PHC/Thermochemistry/images/BG.jpg]
[localhost/olabs/CHE/PHC/Thermochemistry/images/zoomLines.png]
[localhost/olabs/CHE/PHC/Thermochemistry/images/apparatusUnder.png]
[localhost/olabs/CHE/PHC/Thermochemistry/images/cotton.png]
[localhost/olabs/CHE/PHC/Thermochemistry/images/calorimeter.png]
[localhost/olabs/CHE/PHC/Thermochemistry/images/woodToMove1.png]
[localhost/olabs/CHE/PHC/Thermochemistry/images/stirrer.png]
[localhost/olabs/CHE/PHC/Thermochemistry/images/watchglassShadow.png]
[localhost/olabs/CHE/PHC/Thermochemistry/images/watchglass.png]
[localhost/olabs/CHE/PHC/Thermochemistry/images/powder.png]
[localhost/olabs/CHE/PHC/Thermochemistry/images/copperSulphate.png]
[localhost/olabs/CHE/PHC/Thermochemistry/images/holder.png]
[localhost/olabs/CHE/PHC/Thermochemistry/images/thermometer.png]
[localhost/olabs/CHE/PHC/Thermochemistry/images/apparatusTop.png]
[localhost/olabs/CHE/PHC/Thermochemistry/images/woodToMove2.png]
[localhost/olabs/CHE/PHC/Thermochemistry/images/apparatusSolnTop.png]
[localhost/olabs/CHE/PHC/Thermochemistry/images/apparatusSoln.png]
[localhost/olabs/CHE/PHC/Thermochemistry/images/calorimeterClose.png]
[localhost/olabs/CHE/PHC/Thermochemistry/images/beakerShadow.png]
[localhost/olabs/CHE/PHC/Thermochemistry/images/beakerWater.png]
[localhost/olabs/CHE/PHC/Thermochemistry/images/beaker.png]
[localhost/olabs/CHE/PHC/Thermochemistry/images/label.png]
[localhost/olabs/CHE/PHC/Thermochemistry/images/thermoZoom.png]
[localhost/olabs/CHE/PHC/Thermochemistry/images/tooltip4.png]
[localhost/olabs/html5/index3a1b.html]
[localhost/olabs/CHE/ORG/Lassaignes_Test/js/help.js]
[localhost/olabs/CHE/ORG/Lassaignes_Test/js/jQueryRotate.2.2.js]
[localhost/olabs/CHE/ORG/Lassaignes_Test/locale/en-IN/language.js]
[localhost/olabs/CHE/ORG/Lassaignes_Test/images/inform.png]
[localhost/olabs/CHE/ORG/Lassaignes_Test/images/testube_stand2.png]
[localhost/olabs/CHE/ORG/Lassaignes_Test/images/label2.png]
[localhost/olabs/CHE/ORG/Lassaignes_Test/images/Testube.png]
[localhost/olabs/CHE/ORG/Lassaignes_Test/images/feso4soln.png]
[localhost/olabs/CHE/ORG/Lassaignes_Test/images/testubeSoln2.png]
[localhost/olabs/CHE/ORG/Lassaignes_Test/images/burneroff.png]
[localhost/olabs/CHE/ORG/Lassaignes_Test/images/Burner1.png]
[localhost/olabs/CHE/ORG/Lassaignes_Test/images/bottle_empty.png]
[localhost/olabs/CHE/ORG/Lassaignes_Test/images/FeCl3_soln.png]
[localhost/olabs/CHE/ORG/Lassaignes_Test/images/dropper.png]
[localhost/olabs/CHE/ORG/Lassaignes_Test/images/soln_dropper.png]
[localhost/olabs/CHE/ORG/Lassaignes_Test/images/bottle2.png]
[localhost/olabs/CHE/ORG/Lassaignes_Test/images/FeCl3solution.png]
[localhost/olabs/CHE/ORG/Lassaignes_Test/images/drops.png]
[localhost/olabs/CHE/ORG/Lassaignes_Test/images/flame1.png]
[localhost/olabs/CHE/ORG/Lassaignes_Test/images/flame2.png]
[localhost/olabs/CHE/ORG/Lassaignes_Test/images/flame3.png]
[localhost/olabs/CHE/ORG/Lassaignes_Test/images/flame4.png]
[localhost/olabs/CHE/ORG/Lassaignes_Test/images/flame5.png]
[localhost/olabs/CHE/ORG/Lassaignes_Test/images/Testubestand1.png]
[localhost/olabs/CHE/ORG/Lassaignes_Test/images/testtubesoln.png]
[localhost/olabs/CHE/ORG/Lassaignes_Test/images/nitroprussideSoln.png]
[localhost/olabs/CHE/ORG/Lassaignes_Test/images/nitroprussideDroperSoln.png]
[localhost/olabs/CHE/ORG/Lassaignes_Test/images/nitrodrop.png]
[localhost/olabs/CHE/ORG/Lassaignes_Test/images/bottle_black.png]
[localhost/olabs/CHE/ORG/Lassaignes_Test/js/simcontrols.js]
[localhost/olabs/CHE/ORG/Lassaignes_Test/images/tickicon.png]
[localhost/olabs/html5/indexe111.html]
[localhost/olabs/CHE/ELC/EMF_measurement/js/simcontrols.js]
[localhost/olabs/CHE/ELC/EMF_measurement/js/responsive.js]
[localhost/olabs/CHE/ELC/EMF_measurement/locale/en-IN/language.js]
[localhost/olabs/CHE/ELC/EMF_measurement/images/BG_two.png]
[localhost/olabs/CHE/ELC/EMF_measurement/images/bariumelectrode.png]
[localhost/olabs/CHE/ELC/EMF_measurement/images/beakerapp.png]
[localhost/olabs/CHE/ELC/EMF_measurement/images/beaker.png]
[localhost/olabs/CHE/ELC/EMF_measurement/images/voltmter_app.png]
[localhost/olabs/CHE/ELC/EMF_measurement/images/labelboard.png]
[localhost/olabs/html5/indexaed9.html]
[localhost/olabs/CHE/ORG/Qualitative_Analysis_of_Cations/js/help_colorTest.js]
[localhost/olabs/CHE/ORG/Qualitative_Analysis_of_Cations/js/help_smellTest.js]
[localhost/olabs/CHE/ORG/Qualitative_Analysis_of_Cations/js/help_dryHeatingTest.js]
[localhost/olabs/CHE/ORG/Qualitative_Analysis_of_Cations/js/help_groupZero.js]
[localhost/olabs/CHE/ORG/Qualitative_Analysis_of_Cations/js/help_groupOne.js]
[localhost/olabs/CHE/ORG/Qualitative_Analysis_of_Cations/js/help_groupOne_coolSolu.js]
[localhost/olabs/CHE/ORG/Qualitative_Analysis_of_Cations/js/help_groupOne_pIodide.js]
[localhost/olabs/CHE/ORG/Qualitative_Analysis_of_Cations/js/help_groupOne_pChromate.js]
[localhost/olabs/CHE/ORG/Qualitative_Analysis_of_Cations/js/help_sodiumHydroxide.js]
[localhost/olabs/CHE/ORG/Qualitative_Analysis_of_Cations/js/help_nesslersReagent.js]
[localhost/olabs/CHE/ORG/Qualitative_Analysis_of_Cations/js/help_gTwo_Pb_plodideTest.js]
[localhost/olabs/CHE/ORG/Qualitative_Analysis_of_Cations/js/help_flametest.js]
[localhost/olabs/CHE/ORG/Qualitative_Analysis_of_Cations/js/help_groupFive.js]
[localhost/olabs/CHE/ORG/Qualitative_Analysis_of_Cations/js/help_groupTwo.js]
[localhost/olabs/CHE/ORG/Qualitative_Analysis_of_Cations/js/help_potassiumChromateTest.js]
[localhost/olabs/CHE/ORG/Qualitative_Analysis_of_Cations/js/help_ammoniumSulphateTest.js]
[localhost/olabs/CHE/ORG/Qualitative_Analysis_of_Cations/js/help_ammoniumOxalateTest.js]
[localhost/olabs/CHE/ORG/Qualitative_Analysis_of_Cations/js/help_ammoniumMolybdateTest.js]
[localhost/olabs/CHE/ORG/Qualitative_Analysis_of_Cations/js/help_MagnesiaMixtureTest.js]
[localhost/olabs/CHE/ORG/Qualitative_Analysis_of_Cations/js/simcontrols_colourTest.js]
[localhost/olabs/CHE/ORG/Qualitative_Analysis_of_Cations/js/simcontrols_smellTest.js]
[localhost/olabs/CHE/ORG/Qualitative_Analysis_of_Cations/js/simcontrols_dryHeatingTest.js]
[localhost/olabs/CHE/ORG/Qualitative_Analysis_of_Cations/js/simcontrols_flametest.js]
[localhost/olabs/CHE/ORG/Qualitative_Analysis_of_Cations/js/simcontrols_groupZero.js]
[localhost/olabs/CHE/ORG/Qualitative_Analysis_of_Cations/js/simcontrols_groupOne.js]
[localhost/olabs/CHE/ORG/Qualitative_Analysis_of_Cations/js/simcontrols_sodiumHydroxide.js]
[localhost/olabs/CHE/ORG/Qualitative_Analysis_of_Cations/js/simcontrols_nesslersReagentTest.js]
[localhost/olabs/CHE/ORG/Qualitative_Analysis_of_Cations/js/simcontrols_groupOne_coolSolution.js]
[localhost/olabs/CHE/ORG/Qualitative_Analysis_of_Cations/js/simcontrols_groupOne_potassiumIodide.js]
[localhost/olabs/CHE/ORG/Qualitative_Analysis_of_Cations/js/simcontrols_groupOne_potassiumChromate.js]
[localhost/olabs/CHE/ORG/Qualitative_Analysis_of_Cations/js/simcontrols_groupTwo_potassiumIodide.js]
[localhost/olabs/CHE/ORG/Qualitative_Analysis_of_Cations/js/help_charcoalcavity.js]
[localhost/olabs/CHE/ORG/Qualitative_Analysis_of_Cations/js/help_cobaltNitrate.js]
[localhost/olabs/CHE/ORG/Qualitative_Analysis_of_Cations/js/help_boraxBead.js]
[localhost/olabs/CHE/ORG/Qualitative_Analysis_of_Cations/js/help_potassiumFerrocyanide.js]
[localhost/olabs/CHE/ORG/Qualitative_Analysis_of_Cations/js/help_laketest.js]
[localhost/olabs/CHE/ORG/Qualitative_Analysis_of_Cations/js/help_confirmationnickel.js]
[localhost/olabs/CHE/ORG/Qualitative_Analysis_of_Cations/js/help_confirmationzinc.js]
[localhost/olabs/CHE/ORG/Qualitative_Analysis_of_Cations/js/help_potassiumNitrite.js]
[localhost/olabs/CHE/ORG/Qualitative_Analysis_of_Cations/js/help_ammoniumthiocyanate.js]
[localhost/olabs/CHE/ORG/Qualitative_Analysis_of_Cations/js/help_groupthree.js]
[localhost/olabs/CHE/ORG/Qualitative_Analysis_of_Cations/js/help_ammoniumPhosphatetest.js]
[localhost/olabs/CHE/ORG/Qualitative_Analysis_of_Cations/js/help_leadPeroxidetest.js]
[localhost/olabs/CHE/ORG/Qualitative_Analysis_of_Cations/js/help_sodiumhydroxideBr2.js]
[localhost/olabs/CHE/ORG/Qualitative_Analysis_of_Cations/js/simcontrols_main.js]
[localhost/olabs/CHE/ORG/Qualitative_Analysis_of_Cations/js/help_main.js]
[localhost/olabs/CHE/ORG/Qualitative_Analysis_of_Cations/js/simcontrols_charcoalcavity.js]
[localhost/olabs/CHE/ORG/Qualitative_Analysis_of_Cations/js/simcontrols_cobaltNitrate.js]
[localhost/olabs/CHE/ORG/Qualitative_Analysis_of_Cations/js/simcontrols_boraxBead.js]
[localhost/olabs/CHE/ORG/Qualitative_Analysis_of_Cations/js/simcontrols_potassiumFerrocyanide.js]
[localhost/olabs/CHE/ORG/Qualitative_Analysis_of_Cations/js/simcontrols_laketest.js]
[localhost/olabs/CHE/ORG/Qualitative_Analysis_of_Cations/js/simcontrols_potassiumNitrite.js]
[localhost/olabs/CHE/ORG/Qualitative_Analysis_of_Cations/js/simcontrols_ammoniumthiocyanate.js]
[localhost/olabs/CHE/ORG/Qualitative_Analysis_of_Cations/js/simcontrols_sodiumhydroxideBr2.js]
[localhost/olabs/CHE/ORG/Qualitative_Analysis_of_Cations/locale/en-IN/language.js]
[localhost/olabs/CHE/ORG/Qualitative_Analysis_of_Cations/js/simcontrols_groupFive.js]
[localhost/olabs/CHE/ORG/Qualitative_Analysis_of_Cations/js/simcontrols_potassiumChromateTest.js]
[localhost/olabs/CHE/ORG/Qualitative_Analysis_of_Cations/js/simcontrols_ammoniumSulphateTest.js]
[localhost/olabs/CHE/ORG/Qualitative_Analysis_of_Cations/js/simcontrols_ammoniumOxalateTest.js]
[localhost/olabs/CHE/ORG/Qualitative_Analysis_of_Cations/js/simcontrols_groupTwo.js]
[localhost/olabs/CHE/ORG/Qualitative_Analysis_of_Cations/js/simcontrols_ammoniumMolybdateTest.js]
[localhost/olabs/CHE/ORG/Qualitative_Analysis_of_Cations/js/simcontrols_magnesiaMixtureTest.js]
[localhost/olabs/CHE/ORG/Qualitative_Analysis_of_Cations/js/simcontrols_groupthree.js]
[localhost/olabs/CHE/ORG/Qualitative_Analysis_of_Cations/js/simcontrols_ammoniumPhosphatetest.js]
[localhost/olabs/CHE/ORG/Qualitative_Analysis_of_Cations/images/BG.gif]
[localhost/olabs/CHE/ORG/Qualitative_Analysis_of_Cations/images/charcoalcavity/burner.png]
[localhost/olabs/CHE/ORG/Qualitative_Analysis_of_Cations/images/charcoalcavity/burnerclosed.gif]
[localhost/olabs/CHE/ORG/Qualitative_Analysis_of_Cations/images/watchglass.png]
[localhost/olabs/CHE/ORG/Qualitative_Analysis_of_Cations/images/charcoalcavity/charcoal.png]
[localhost/olabs/CHE/ORG/Qualitative_Analysis_of_Cations/images/charcoalcavity/forceps.png]
[localhost/olabs/CHE/ORG/Qualitative_Analysis_of_Cations/images/charcoalcavity/sodiumcarbonate.png]
[localhost/olabs/CHE/ORG/Qualitative_Analysis_of_Cations/images/charcoalcavity/spatula.png]
[localhost/olabs/CHE/ORG/Qualitative_Analysis_of_Cations/images/charcoalcavity/whiteSpatula.png]
[localhost/olabs/CHE/ORG/Qualitative_Analysis_of_Cations/images/charcoalcavity/waterbottle.png]
[localhost/olabs/CHE/ORG/Qualitative_Analysis_of_Cations/images/charcoalcavity/burnerOn.png]
[localhost/olabs/CHE/ORG/Qualitative_Analysis_of_Cations/images/charcoalcavity/burnerOff.png]
[localhost/olabs/CHE/ORG/Qualitative_Analysis_of_Cations/images/charcoalcavity/oflame1.png]
[localhost/olabs/CHE/ORG/Qualitative_Analysis_of_Cations/images/charcoalcavity/oflame2.png]
[localhost/olabs/CHE/ORG/Qualitative_Analysis_of_Cations/images/charcoalcavity/oflame3.png]
[localhost/olabs/CHE/ORG/Qualitative_Analysis_of_Cations/images/charcoalcavity/oflame4.png]
[localhost/olabs/CHE/ORG/Qualitative_Analysis_of_Cations/images/charcoalcavity/flame1.png]
[localhost/olabs/CHE/ORG/Qualitative_Analysis_of_Cations/images/charcoalcavity/flame2.png]
[localhost/olabs/CHE/ORG/Qualitative_Analysis_of_Cations/images/charcoalcavity/flame3.png]
[localhost/olabs/CHE/ORG/Qualitative_Analysis_of_Cations/images/charcoalcavity/flame4.png]
[localhost/olabs/CHE/ORG/Qualitative_Analysis_of_Cations/images/charcoalcavity/needle.png]
[localhost/olabs/CHE/ORG/Qualitative_Analysis_of_Cations/images/charcoalcavity/clock.png]
[localhost/olabs/CHE/ORG/Qualitative_Analysis_of_Cations/images/charcoalcavity/blowflame1.png]
[localhost/olabs/CHE/ORG/Qualitative_Analysis_of_Cations/images/charcoalcavity/blowflame2.png]
[localhost/olabs/CHE/ORG/Qualitative_Analysis_of_Cations/images/charcoalcavity/blowflame3.png]
[localhost/olabs/CHE/ORG/Qualitative_Analysis_of_Cations/images/charcoalcavity/blowflame4.png]
[localhost/olabs/CHE/ORG/Qualitative_Analysis_of_Cations/images/charcoalcavity/blowflame5.png]
[localhost/olabs/CHE/ORG/Qualitative_Analysis_of_Cations/images/charcoalcavity/rod2.png]
[localhost/olabs/CHE/ORG/Qualitative_Analysis_of_Cations/images/charcoalcavity/rod.png]
[localhost/olabs/CHE/ORG/Qualitative_Analysis_of_Cations/images/charcoalcavity/blowpipe.png]
[localhost/olabs/CHE/ORG/Qualitative_Analysis_of_Cations/images/charcoalcavity/boy.png]
[localhost/olabs/CHE/ORG/Qualitative_Analysis_of_Cations/images/charcoalcavity/salt.png]
[localhost/olabs/CHE/ORG/Qualitative_Analysis_of_Cations/images/charcoalcavity/nextbtn.png]
[localhost/olabs/CHE/ORG/Qualitative_Analysis_of_Cations/images/cobaltnitratetest/cobaltdrop.png]
[localhost/olabs/CHE/ORG/Qualitative_Analysis_of_Cations/images/dropper.png]
[localhost/olabs/CHE/ORG/Qualitative_Analysis_of_Cations/images/cobaltnitratetest/cobaltdroppersoln.png]
[localhost/olabs/CHE/ORG/Qualitative_Analysis_of_Cations/images/cobaltnitratetest/cobaltbottle.png]
[localhost/olabs/CHE/ORG/Qualitative_Analysis_of_Cations/images/cobaltnitratetest/labelboard.png]
[localhost/olabs/CHE/ORG/Qualitative_Analysis_of_Cations/images/cobaltnitratetest/blowoflame1.png]
[localhost/olabs/CHE/ORG/Qualitative_Analysis_of_Cations/images/cobaltnitratetest/blowoflame2.png]
[localhost/olabs/CHE/ORG/Qualitative_Analysis_of_Cations/images/cobaltnitratetest/blowoflame3.png]
[localhost/olabs/CHE/ORG/Qualitative_Analysis_of_Cations/images/cobaltnitratetest/blowoflame4.png]
[localhost/olabs/CHE/ORG/Qualitative_Analysis_of_Cations/images/cobaltnitratetest/blowoflame5.png]
[localhost/olabs/CHE/ORG/Qualitative_Analysis_of_Cations/images/boraxBead/platinumwire.png]
[localhost/olabs/CHE/ORG/Qualitative_Analysis_of_Cations/images/boraxBead/burner.png]
[localhost/olabs/CHE/ORG/Qualitative_Analysis_of_Cations/images/boraxBead/ammonium_chloride.png]
[localhost/olabs/CHE/ORG/Qualitative_Analysis_of_Cations/images/potassiumFerrocyanide/drop.png]
[localhost/olabs/CHE/ORG/Qualitative_Analysis_of_Cations/images/testtube.png]
[localhost/olabs/CHE/ORG/Qualitative_Analysis_of_Cations/images/standOnly.png]
[localhost/olabs/CHE/ORG/Qualitative_Analysis_of_Cations/images/potassiumFerrocyanide/dropperImg.png]
[localhost/olabs/CHE/ORG/Qualitative_Analysis_of_Cations/images/bottle.png]
[localhost/olabs/CHE/ORG/Qualitative_Analysis_of_Cations/images/potassiumFerrocyanide/dropperyellowImg.png]
[localhost/olabs/CHE/ORG/Qualitative_Analysis_of_Cations/images/burnerOff.png]
[localhost/olabs/CHE/ORG/Qualitative_Analysis_of_Cations/images/burnerOn.png]
[localhost/olabs/CHE/ORG/Qualitative_Analysis_of_Cations/images/flame1.png]
[localhost/olabs/CHE/ORG/Qualitative_Analysis_of_Cations/images/flame2.png]
[localhost/olabs/CHE/ORG/Qualitative_Analysis_of_Cations/images/flame3.png]
[localhost/olabs/CHE/ORG/Qualitative_Analysis_of_Cations/images/flame4.png]
[localhost/olabs/CHE/ORG/Qualitative_Analysis_of_Cations/images/drop.png]
[localhost/olabs/CHE/ORG/Qualitative_Analysis_of_Cations/images/potassiumFerrocyanide/bluePrecipitate.png]
[localhost/olabs/CHE/ORG/Qualitative_Analysis_of_Cations/images/potassiumFerrocyanide/dropperblueImg.png]
[localhost/olabs/CHE/ORG/Qualitative_Analysis_of_Cations/images/standBurner.png]
[localhost/olabs/CHE/ORG/Qualitative_Analysis_of_Cations/images/burnerSet/burnerStand_two.png]
[localhost/olabs/CHE/ORG/Qualitative_Analysis_of_Cations/images/tooltip.png]
[localhost/olabs/CHE/ORG/Qualitative_Analysis_of_Cations/images/dropperyellowImg.png]
[localhost/olabs/CHE/ORG/Qualitative_Analysis_of_Cations/images/dropyellow.png]
[localhost/olabs/CHE/ORG/Qualitative_Analysis_of_Cations/images/flame5.png]
[localhost/olabs/CHE/ORG/Qualitative_Analysis_of_Cations/images/yellowdrop.png]
[localhost/olabs/CHE/ORG/Qualitative_Analysis_of_Cations/images/burnerSet/burnerStand_one.png]
[localhost/olabs/CHE/ORG/Qualitative_Analysis_of_Cations/images/salt.png]
[localhost/olabs/CHE/ORG/Qualitative_Analysis_of_Cations/images/clock.png]
[localhost/olabs/CHE/ORG/Qualitative_Analysis_of_Cations/images/clock_Needle.png]
[localhost/olabs/CHE/ORG/Qualitative_Analysis_of_Cations/images/nextbtn.png]
[localhost/olabs/CHE/ORG/Qualitative_Analysis_of_Cations/images/label.png]
[localhost/olabs/CHE/ORG/Qualitative_Analysis_of_Cations/images/testTubeStand.png]
[localhost/olabs/CHE/ORG/Qualitative_Analysis_of_Cations/images/glassrod.png]
[localhost/olabs/CHE/ORG/Qualitative_Analysis_of_Cations/images/kippssApparatus.png]
[localhost/olabs/CHE/ORG/Qualitative_Analysis_of_Cations/images/testTubeStandSingle.png]
[localhost/olabs/CHE/ORG/Qualitative_Analysis_of_Cations/images/kippsgranules.png]
[localhost/olabs/CHE/ORG/Qualitative_Analysis_of_Cations/images/kippsclose.png]
[localhost/olabs/CHE/ORG/Qualitative_Analysis_of_Cations/images/kippsopen.png]
[localhost/olabs/CHE/ORG/Qualitative_Analysis_of_Cations/images/hno3bottle.png]
[localhost/olabs/CHE/ORG/Qualitative_Analysis_of_Cations/images/droppersolnImg.png]
[localhost/olabs/CHE/ORG/Qualitative_Analysis_of_Cations/images/holder.png]
[localhost/olabs/CHE/ORG/Qualitative_Analysis_of_Cations/images/beaker_1.png]
[localhost/olabs/CHE/ORG/Qualitative_Analysis_of_Cations/images/copper_sulphate.png]
[localhost/olabs/CHE/ORG/Qualitative_Analysis_of_Cations/images/hand.png]
[localhost/olabs/CHE/ORG/Qualitative_Analysis_of_Cations/images/dryHeatingTest/yellow.png]
[localhost/olabs/CHE/ORG/Qualitative_Analysis_of_Cations/images/dryHeatingTest/white.png]
[localhost/olabs/CHE/ORG/Qualitative_Analysis_of_Cations/images/burner.png]
[localhost/olabs/CHE/ORG/Qualitative_Analysis_of_Cations/images/flames/brick_red1.png]
[localhost/olabs/CHE/ORG/Qualitative_Analysis_of_Cations/images/platinumwire1.png]
[localhost/olabs/CHE/ORG/Qualitative_Analysis_of_Cations/images/whiteFumes.png]
[localhost/olabs/CHE/ORG/Qualitative_Analysis_of_Cations/images/cork.png]
[localhost/olabs/CHE/ORG/Qualitative_Analysis_of_Cations/images/labelboard.png]
[localhost/olabs/CHE/ORG/Qualitative_Analysis_of_Cations/images/singleStand.png]
[localhost/olabs/CHE/ORG/Qualitative_Analysis_of_Cations/images/singleTesttube.png]
[localhost/olabs/CHE/ORG/Qualitative_Analysis_of_Cations/images/deliveryTube.png]
[localhost/olabs/CHE/ORG/Qualitative_Analysis_of_Cations/images/burnerStand_two.png]
[localhost/olabs/CHE/ORG/Qualitative_Analysis_of_Cations/images/beaker.png]
[localhost/olabs/CHE/ORG/Qualitative_Analysis_of_Cations/images/whitePpt.png]
[localhost/olabs/CHE/ORG/Qualitative_Analysis_of_Cations/images/potassiumFerrocyanide/dropperredImg.png]
[localhost/olabs/CHE/ORG/Qualitative_Analysis_of_Cations/images/Inference.png]
[localhost/olabs/html5/indexd64e.html]
[localhost/olabs/CHE/ORG/Qualitative_Analysis_of_Carbohydrates/js/help_solubility.js]
[localhost/olabs/CHE/ORG/Qualitative_Analysis_of_Carbohydrates/js/help_molischs.js]
[localhost/olabs/CHE/ORG/Qualitative_Analysis_of_Carbohydrates/js/help_fehlings.js]
[localhost/olabs/CHE/ORG/Qualitative_Analysis_of_Carbohydrates/js/help_benedicts.js]
[localhost/olabs/CHE/ORG/Qualitative_Analysis_of_Carbohydrates/js/help_tollens.js]
[localhost/olabs/CHE/ORG/Qualitative_Analysis_of_Carbohydrates/js/help_iodine.js]
[localhost/olabs/CHE/ORG/Qualitative_Analysis_of_Carbohydrates/js/help_secondScene.js]
[localhost/olabs/CHE/ORG/Qualitative_Analysis_of_Carbohydrates/js/help_main.js]
[localhost/olabs/CHE/ORG/Qualitative_Analysis_of_Carbohydrates/js/simcontrols_main.js]
[localhost/olabs/CHE/ORG/Qualitative_Analysis_of_Carbohydrates/js/simcontrols_solubility.js]
[localhost/olabs/CHE/ORG/Qualitative_Analysis_of_Carbohydrates/js/simcontrols_molisch.js]
[localhost/olabs/CHE/ORG/Qualitative_Analysis_of_Carbohydrates/js/simcontrols_fehlings.js]
[localhost/olabs/CHE/ORG/Qualitative_Analysis_of_Carbohydrates/js/simcontrols_secondScene.js]
[localhost/olabs/CHE/ORG/Qualitative_Analysis_of_Carbohydrates/js/simcontrols_benedicts.js]
[localhost/olabs/CHE/ORG/Qualitative_Analysis_of_Carbohydrates/js/simcontrols_tollens.js]
[localhost/olabs/CHE/ORG/Qualitative_Analysis_of_Carbohydrates/js/simcontrols_iodine.js]
[localhost/olabs/CHE/ORG/Qualitative_Analysis_of_Carbohydrates/locale/en-IN/language.js]
[localhost/olabs/CHE/ORG/Qualitative_Analysis_of_Carbohydrates/js/Gettext.js]
[localhost/olabs/CHE/ORG/Qualitative_Analysis_of_Carbohydrates/images/BG.png]
[localhost/olabs/CHE/ORG/Qualitative_Analysis_of_Carbohydrates/images/Inference.png]
[localhost/olabs/CHE/ORG/Qualitative_Analysis_of_Carbohydrates/images/drop.png]
[localhost/olabs/CHE/ORG/Qualitative_Analysis_of_Carbohydrates/images/carbohydrates.png]
[localhost/olabs/CHE/ORG/Qualitative_Analysis_of_Carbohydrates/images/redVioletRing.png]
[localhost/olabs/CHE/ORG/Qualitative_Analysis_of_Carbohydrates/images/molisch.png]
[localhost/olabs/CHE/ORG/Qualitative_Analysis_of_Carbohydrates/images/test tube label.png]
[localhost/olabs/CHE/ORG/Qualitative_Analysis_of_Carbohydrates/images/dropper.png]
[localhost/olabs/CHE/ORG/Qualitative_Analysis_of_Carbohydrates/images/bottleShadow.png]
[localhost/olabs/CHE/ORG/Qualitative_Analysis_of_Carbohydrates/images/bottle.png]
[localhost/olabs/CHE/ORG/Qualitative_Analysis_of_Carbohydrates/images/machineZoom.png]
[localhost/olabs/CHE/ORG/Qualitative_Analysis_of_Carbohydrates/images/silverMirror.png]
[localhost/olabs/CHE/ORG/Qualitative_Analysis_of_Carbohydrates/images/testtubeZoom.png]
[localhost/olabs/CHE/ORG/Qualitative_Analysis_of_Carbohydrates/images/BeakerSolution.png]
[localhost/olabs/CHE/ORG/Qualitative_Analysis_of_Carbohydrates/images/beakerZoom.png]
[localhost/olabs/CHE/ORG/Qualitative_Analysis_of_Carbohydrates/images/clockBody.png]
[localhost/olabs/CHE/ORG/Qualitative_Analysis_of_Carbohydrates/images/needle.png]
[localhost/olabs/CHE/ORG/Qualitative_Analysis_of_Carbohydrates/images/brownBottle.png]
[localhost/olabs/CHE/ORG/Qualitative_Analysis_of_Carbohydrates/images/nextbtn.png]
[localhost/olabs/CHE/ORG/Qualitative_Analysis_of_Carbohydrates/images/stand.png]
[localhost/olabs/CHE/ORG/Qualitative_Analysis_of_Carbohydrates/images/label.png]
[localhost/olabs/html5/indexb19d.html]
[localhost/olabs/CHE/ORG/Qualitative_Analysis_of_Oils_and_Fats/js/help.js]
[localhost/olabs/CHE/ORG/Qualitative_Analysis_of_Oils_and_Fats/js/simcontrols.js]
[localhost/olabs/CHE/ORG/Qualitative_Analysis_of_Oils_and_Fats/js/jQueryRotate.js]
[localhost/olabs/CHE/ORG/Qualitative_Analysis_of_Oils_and_Fats/locale/en-IN/language.js]
[localhost/olabs/CHE/ORG/Qualitative_Analysis_of_Oils_and_Fats/images/BG.gif]
[localhost/olabs/CHE/ORG/Qualitative_Analysis_of_Oils_and_Fats/images/drop.png]
[localhost/olabs/CHE/ORG/Qualitative_Analysis_of_Oils_and_Fats/images/testtube.png]
[localhost/olabs/CHE/ORG/Qualitative_Analysis_of_Oils_and_Fats/images/stand.png]
[localhost/olabs/CHE/ORG/Qualitative_Analysis_of_Oils_and_Fats/images/dropperSoln.png]
[localhost/olabs/CHE/ORG/Qualitative_Analysis_of_Oils_and_Fats/images/dropper.png]
[localhost/olabs/CHE/ORG/Qualitative_Analysis_of_Oils_and_Fats/images/bottle.png]
[localhost/olabs/CHE/ORG/Qualitative_Analysis_of_Oils_and_Fats/images/TransluscentSpotTest/BG.gif]
[localhost/olabs/CHE/ORG/Qualitative_Analysis_of_Oils_and_Fats/images/TransluscentSpotTest/filterPaper.png]
[localhost/olabs/CHE/ORG/Qualitative_Analysis_of_Oils_and_Fats/images/TransluscentSpotTest/oildropArea.png]
[localhost/olabs/CHE/ORG/Qualitative_Analysis_of_Oils_and_Fats/images/TransluscentSpotTest/candle.png]
[localhost/olabs/CHE/ORG/Qualitative_Analysis_of_Oils_and_Fats/images/TransluscentSpotTest/candleFlames/flame1.png]
[localhost/olabs/CHE/ORG/Qualitative_Analysis_of_Oils_and_Fats/images/TransluscentSpotTest/drop.png]
[localhost/olabs/CHE/ORG/Qualitative_Analysis_of_Oils_and_Fats/images/TransluscentSpotTest/dropperSolution.png]
[localhost/olabs/CHE/ORG/Qualitative_Analysis_of_Oils_and_Fats/images/TransluscentSpotTest/dropper.png]
[localhost/olabs/CHE/ORG/Qualitative_Analysis_of_Oils_and_Fats/images/TransluscentSpotTest/bottle.png]
[localhost/olabs/CHE/ORG/Qualitative_Analysis_of_Oils_and_Fats/images/AcroleinTest/spatulaPowder.png]
[localhost/olabs/CHE/ORG/Qualitative_Analysis_of_Oils_and_Fats/images/AcroleinTest/stand.png]
[localhost/olabs/CHE/ORG/Qualitative_Analysis_of_Oils_and_Fats/images/AcroleinTest/spatula.png]
[localhost/olabs/CHE/ORG/Qualitative_Analysis_of_Oils_and_Fats/images/AcroleinTest/watchglass.png]
[localhost/olabs/CHE/ORG/Qualitative_Analysis_of_Oils_and_Fats/images/AcroleinTest/powder.png]
[localhost/olabs/CHE/ORG/Qualitative_Analysis_of_Oils_and_Fats/images/stand4.png]
[localhost/olabs/CHE/ORG/Qualitative_Analysis_of_Oils_and_Fats/images/dropperSolnYellow.png]
[localhost/olabs/CHE/ORG/Qualitative_Analysis_of_Oils_and_Fats/images/label1.png]
[localhost/olabs/CHE/ORG/Qualitative_Analysis_of_Oils_and_Fats/images/Inference.png]
[localhost/olabs/CHE/ORG/Qualitative_Analysis_of_Oils_and_Fats/images/burner.png]
[localhost/olabs/CHE/ORG/Qualitative_Analysis_of_Oils_and_Fats/images/Flames/flame1.png]
[localhost/olabs/CHE/ORG/Qualitative_Analysis_of_Oils_and_Fats/images/knoboff.png]
[localhost/olabs/CHE/ORG/Qualitative_Analysis_of_Oils_and_Fats/images/knobon.png]
[localhost/olabs/CHE/ORG/Qualitative_Analysis_of_Oils_and_Fats/images/label.png]
[localhost/olabs/CHE/ORG/Qualitative_Analysis_of_Oils_and_Fats/images/label2.png]
[localhost/olabs/CHE/ORG/Qualitative_Analysis_of_Oils_and_Fats/images/clock.png]
[localhost/olabs/CHE/ORG/Qualitative_Analysis_of_Oils_and_Fats/images/needle.png]
[localhost/olabs/html5/index7703.html]
[localhost/olabs/CHE/INC/Reactions_of_Sodium_Hydroxide_with_Aluminium_Metal_and_Hydrochloric_Acid/js/help.js]
[localhost/olabs/CHE/INC/Reactions_of_Sodium_Hydroxide_with_Aluminium_Metal_and_Hydrochloric_Acid/js/simcontrols.js]
[localhost/olabs/html5/js/trip/trip.js]
[localhost/olabs/CHE/INC/Reactions_of_Sodium_Hydroxide_with_Aluminium_Metal_and_Hydrochloric_Acid/js/Gettext.js]
[localhost/olabs/CHE/INC/Reactions_of_Sodium_Hydroxide_with_Aluminium_Metal_and_Hydrochloric_Acid/images/BG.jpg]
[localhost/olabs/CHE/INC/Reactions_of_Sodium_Hydroxide_with_Aluminium_Metal_and_Hydrochloric_Acid/images/BG_2.jpg]
[localhost/olabs/CHE/INC/Reactions_of_Sodium_Hydroxide_with_Aluminium_Metal_and_Hydrochloric_Acid/images/Inference.png]
[localhost/olabs/CHE/INC/Reactions_of_Sodium_Hydroxide_with_Aluminium_Metal_and_Hydrochloric_Acid/images/AlertIcon.png]
[localhost/olabs/CHE/INC/Reactions_of_Sodium_Hydroxide_with_Aluminium_Metal_and_Hydrochloric_Acid/images/TestTube.png]
[localhost/olabs/CHE/INC/Reactions_of_Sodium_Hydroxide_with_Aluminium_Metal_and_Hydrochloric_Acid/images/StandTop.png]
[localhost/olabs/CHE/INC/Reactions_of_Sodium_Hydroxide_with_Aluminium_Metal_and_Hydrochloric_Acid/images/TestubeStandTop.png]
[localhost/olabs/CHE/INC/Reactions_of_Sodium_Hydroxide_with_Aluminium_Metal_and_Hydrochloric_Acid/images/PowderInTesttube.png]
[localhost/olabs/CHE/INC/Reactions_of_Sodium_Hydroxide_with_Aluminium_Metal_and_Hydrochloric_Acid/images/AluminiumMetal.png]
[localhost/olabs/CHE/INC/Reactions_of_Sodium_Hydroxide_with_Aluminium_Metal_and_Hydrochloric_Acid/images/PowderInSpatula.png]
[localhost/olabs/CHE/INC/Reactions_of_Sodium_Hydroxide_with_Aluminium_Metal_and_Hydrochloric_Acid/images/Spatula.png]
[localhost/olabs/CHE/INC/Reactions_of_Sodium_Hydroxide_with_Aluminium_Metal_and_Hydrochloric_Acid/images/Cylinder.png]
[localhost/olabs/CHE/INC/Reactions_of_Sodium_Hydroxide_with_Aluminium_Metal_and_Hydrochloric_Acid/images/PowderDrop.png]
[localhost/olabs/CHE/INC/Reactions_of_Sodium_Hydroxide_with_Aluminium_Metal_and_Hydrochloric_Acid/images/pourline1.png]
[localhost/olabs/CHE/INC/Reactions_of_Sodium_Hydroxide_with_Aluminium_Metal_and_Hydrochloric_Acid/images/pourline2.png]
[localhost/olabs/CHE/INC/Reactions_of_Sodium_Hydroxide_with_Aluminium_Metal_and_Hydrochloric_Acid/images/LitmusRed.png]
[localhost/olabs/CHE/INC/Reactions_of_Sodium_Hydroxide_with_Aluminium_Metal_and_Hydrochloric_Acid/images/LitmusBlue.png]
[localhost/olabs/CHE/INC/Reactions_of_Sodium_Hydroxide_with_Aluminium_Metal_and_Hydrochloric_Acid/images/LitmusRedVertical.png]
[localhost/olabs/CHE/INC/Reactions_of_Sodium_Hydroxide_with_Aluminium_Metal_and_Hydrochloric_Acid/images/CombussionButton.png]
[localhost/olabs/CHE/INC/Reactions_of_Sodium_Hydroxide_with_Aluminium_Metal_and_Hydrochloric_Acid/images/Burner.png]
[localhost/olabs/CHE/INC/Reactions_of_Sodium_Hydroxide_with_Aluminium_Metal_and_Hydrochloric_Acid/images/burnerOff.png]
[localhost/olabs/CHE/INC/Reactions_of_Sodium_Hydroxide_with_Aluminium_Metal_and_Hydrochloric_Acid/images/burnerOn.png]
[localhost/olabs/CHE/INC/Reactions_of_Sodium_Hydroxide_with_Aluminium_Metal_and_Hydrochloric_Acid/images/Flame1.png]
[localhost/olabs/CHE/INC/Reactions_of_Sodium_Hydroxide_with_Aluminium_Metal_and_Hydrochloric_Acid/images/Flame2.png]
[localhost/olabs/CHE/INC/Reactions_of_Sodium_Hydroxide_with_Aluminium_Metal_and_Hydrochloric_Acid/images/Flame3.png]
[localhost/olabs/CHE/INC/Reactions_of_Sodium_Hydroxide_with_Aluminium_Metal_and_Hydrochloric_Acid/images/Flame4.png]
[localhost/olabs/CHE/INC/Reactions_of_Sodium_Hydroxide_with_Aluminium_Metal_and_Hydrochloric_Acid/images/Flame5.png]
[localhost/olabs/CHE/INC/Reactions_of_Sodium_Hydroxide_with_Aluminium_Metal_and_Hydrochloric_Acid/images/TesttubeStandUnder-2.png]
[localhost/olabs/CHE/INC/Reactions_of_Sodium_Hydroxide_with_Aluminium_Metal_and_Hydrochloric_Acid/images/TesttubeStandTop-2.png]
[localhost/olabs/CHE/INC/Reactions_of_Sodium_Hydroxide_with_Aluminium_Metal_and_Hydrochloric_Acid/images/Testube-2.png]
[localhost/olabs/CHE/INC/Reactions_of_Sodium_Hydroxide_with_Aluminium_Metal_and_Hydrochloric_Acid/images/Candle.png]
[localhost/olabs/CHE/INC/Reactions_of_Sodium_Hydroxide_with_Aluminium_Metal_and_Hydrochloric_Acid/images/CandleFlame1.png]
[localhost/olabs/CHE/INC/Reactions_of_Sodium_Hydroxide_with_Aluminium_Metal_and_Hydrochloric_Acid/images/CandleFlame2.png]
[localhost/olabs/CHE/INC/Reactions_of_Sodium_Hydroxide_with_Aluminium_Metal_and_Hydrochloric_Acid/images/CandleFlame3.png]
[localhost/olabs/CHE/INC/Reactions_of_Sodium_Hydroxide_with_Aluminium_Metal_and_Hydrochloric_Acid/images/CandleFlame4.png]
[localhost/olabs/CHE/INC/Reactions_of_Sodium_Hydroxide_with_Aluminium_Metal_and_Hydrochloric_Acid/images/CandleFlame5.png]
[localhost/olabs/CHE/INC/Reactions_of_Sodium_Hydroxide_with_Aluminium_Metal_and_Hydrochloric_Acid/images/CandleFlame6.png]
[localhost/olabs/CHE/INC/Reactions_of_Sodium_Hydroxide_with_Aluminium_Metal_and_Hydrochloric_Acid/images/CandleFlame7.png]
[localhost/olabs/CHE/INC/Reactions_of_Sodium_Hydroxide_with_Aluminium_Metal_and_Hydrochloric_Acid/images/CandleFlame8.png]
[localhost/olabs/CHE/INC/Reactions_of_Sodium_Hydroxide_with_Aluminium_Metal_and_Hydrochloric_Acid/images/CandleFlame9.png]
[localhost/olabs/CHE/INC/Reactions_of_Sodium_Hydroxide_with_Aluminium_Metal_and_Hydrochloric_Acid/images/CandleFlame10.png]
[localhost/olabs/CHE/INC/Reactions_of_Sodium_Hydroxide_with_Aluminium_Metal_and_Hydrochloric_Acid/images/CandleFlame11.png]
[localhost/olabs/CHE/INC/Reactions_of_Sodium_Hydroxide_with_Aluminium_Metal_and_Hydrochloric_Acid/images/CandleFlame12.png]
[localhost/olabs/CHE/INC/Reactions_of_Sodium_Hydroxide_with_Aluminium_Metal_and_Hydrochloric_Acid/images/CandleFlame13.png]
[localhost/olabs/CHE/INC/Reactions_of_Sodium_Hydroxide_with_Aluminium_Metal_and_Hydrochloric_Acid/images/BlueFlame1.png]
[localhost/olabs/CHE/INC/Reactions_of_Sodium_Hydroxide_with_Aluminium_Metal_and_Hydrochloric_Acid/images/BlueFlame2.png]
[localhost/olabs/CHE/INC/Reactions_of_Sodium_Hydroxide_with_Aluminium_Metal_and_Hydrochloric_Acid/images/BlueFlame3.png]
[localhost/olabs/CHE/INC/Reactions_of_Sodium_Hydroxide_with_Aluminium_Metal_and_Hydrochloric_Acid/images/BlueFlame4.png]
[localhost/olabs/CHE/INC/Reactions_of_Sodium_Hydroxide_with_Aluminium_Metal_and_Hydrochloric_Acid/images/BlueFlame5.png]
[localhost/olabs/CHE/INC/Reactions_of_Sodium_Hydroxide_with_Aluminium_Metal_and_Hydrochloric_Acid/images/BlueFlame6.png]
[localhost/olabs/CHE/INC/Reactions_of_Sodium_Hydroxide_with_Aluminium_Metal_and_Hydrochloric_Acid/images/BlueFlame7.png]
[localhost/olabs/CHE/INC/Reactions_of_Sodium_Hydroxide_with_Aluminium_Metal_and_Hydrochloric_Acid/images/BlueFlame8.png]
[localhost/olabs/CHE/INC/Reactions_of_Sodium_Hydroxide_with_Aluminium_Metal_and_Hydrochloric_Acid/images/BlueFlame9.png]
[localhost/olabs/CHE/INC/Reactions_of_Sodium_Hydroxide_with_Aluminium_Metal_and_Hydrochloric_Acid/images/BlueFlame10.png]
[localhost/olabs/CHE/INC/Reactions_of_Sodium_Hydroxide_with_Aluminium_Metal_and_Hydrochloric_Acid/images/BlueFlame11.png]
[localhost/olabs/CHE/INC/Reactions_of_Sodium_Hydroxide_with_Aluminium_Metal_and_Hydrochloric_Acid/images/BlueFlame12.png]
[localhost/olabs/CHE/INC/Reactions_of_Sodium_Hydroxide_with_Aluminium_Metal_and_Hydrochloric_Acid/images/BlueFlame13.png]
[localhost/olabs/CHE/INC/Reactions_of_Sodium_Hydroxide_with_Aluminium_Metal_and_Hydrochloric_Acid/images/TestubeStandUnder.png]
[localhost/olabs/CHE/INC/Reactions_of_Sodium_Hydroxide_with_Aluminium_Metal_and_Hydrochloric_Acid/images/Dropper.png]
[localhost/olabs/CHE/INC/Reactions_of_Sodium_Hydroxide_with_Aluminium_Metal_and_Hydrochloric_Acid/images/Bottle.png]
[localhost/olabs/CHE/INC/Reactions_of_Sodium_Hydroxide_with_Aluminium_Metal_and_Hydrochloric_Acid/images/LitmusBoard.png]
[localhost/olabs/CHE/INC/Reactions_of_Sodium_Hydroxide_with_Aluminium_Metal_and_Hydrochloric_Acid/images/LitmusLabel.png]
[localhost/olabs/CHE/INC/Reactions_of_Sodium_Hydroxide_with_Aluminium_Metal_and_Hydrochloric_Acid/images/NaOHLabel.png]
[localhost/olabs/CHE/INC/Reactions_of_Sodium_Hydroxide_with_Aluminium_Metal_and_Hydrochloric_Acid/images/drop.png]
[localhost/olabs/CHE/INC/Reactions_of_Sodium_Hydroxide_with_Aluminium_Metal_and_Hydrochloric_Acid/images/LitmusBlueVertical.png]
[localhost/olabs/CHE/INC/Reactions_of_Sodium_Hydroxide_with_Aluminium_Metal_and_Hydrochloric_Acid/images/Hand.png]
[localhost/olabs/html5/index0c9a.html]
[localhost/olabs/CHE/INC/Identify_bleaching_powder_among_given_samples_of_chemicals/js/help.js]
[localhost/olabs/CHE/INC/Identify_bleaching_powder_among_given_samples_of_chemicals/js/simcontrols.js]
[localhost/olabs/CHE/INC/Identify_bleaching_powder_among_given_samples_of_chemicals/js/Gettext.js]
[localhost/olabs/CHE/INC/Identify_bleaching_powder_among_given_samples_of_chemicals/images/BG.jpg]
[localhost/olabs/CHE/INC/Identify_bleaching_powder_among_given_samples_of_chemicals/images/Inference.png]
[localhost/olabs/CHE/INC/Identify_bleaching_powder_among_given_samples_of_chemicals/images/AlertIcon.png]
[localhost/olabs/CHE/INC/Identify_bleaching_powder_among_given_samples_of_chemicals/images/Beaker.png]
[localhost/olabs/CHE/INC/Identify_bleaching_powder_among_given_samples_of_chemicals/images/Solution.png]
[localhost/olabs/CHE/INC/Identify_bleaching_powder_among_given_samples_of_chemicals/images/bleachSolution.png]
[localhost/olabs/CHE/INC/Identify_bleaching_powder_among_given_samples_of_chemicals/images/Sulphuric1.png]
[localhost/olabs/CHE/INC/Identify_bleaching_powder_among_given_samples_of_chemicals/images/StandUnder.png]
[localhost/olabs/CHE/INC/Identify_bleaching_powder_among_given_samples_of_chemicals/images/StandTop.png]
[localhost/olabs/CHE/INC/Identify_bleaching_powder_among_given_samples_of_chemicals/images/GlassRod.png]
[localhost/olabs/CHE/INC/Identify_bleaching_powder_among_given_samples_of_chemicals/images/LabelSolution.png]
[localhost/olabs/CHE/INC/Identify_bleaching_powder_among_given_samples_of_chemicals/images/LabelSulphuric.png]
[localhost/olabs/CHE/INC/Identify_bleaching_powder_among_given_samples_of_chemicals/images/LabelCloth.png]
[localhost/olabs/CHE/INC/Identify_bleaching_powder_among_given_samples_of_chemicals/images/TweezerOpen.png]
[localhost/olabs/CHE/INC/Identify_bleaching_powder_among_given_samples_of_chemicals/images/Cloth.png]
[localhost/olabs/CHE/INC/Identify_bleaching_powder_among_given_samples_of_chemicals/images/Cloth1.png]
[localhost/olabs/CHE/INC/Identify_bleaching_powder_among_given_samples_of_chemicals/images/Cloth2.png]
[localhost/olabs/CHE/INC/Identify_bleaching_powder_among_given_samples_of_chemicals/images/Cloth3.png]
[localhost/olabs/CHE/INC/Identify_bleaching_powder_among_given_samples_of_chemicals/images/Cloth4.png]
[localhost/olabs/CHE/INC/Identify_bleaching_powder_among_given_samples_of_chemicals/images/Cloth5.png]
[localhost/olabs/CHE/INC/Identify_bleaching_powder_among_given_samples_of_chemicals/images/Cloth6.png]
[localhost/olabs/CHE/INC/Identify_bleaching_powder_among_given_samples_of_chemicals/images/Cloth7.png]
[localhost/olabs/CHE/INC/Identify_bleaching_powder_among_given_samples_of_chemicals/images/ClothTweezer1.png]
[localhost/olabs/CHE/INC/Identify_bleaching_powder_among_given_samples_of_chemicals/images/ClothTweezer2.png]
[localhost/olabs/CHE/INC/Identify_bleaching_powder_among_given_samples_of_chemicals/images/ClothTweezer3.png]
[localhost/olabs/CHE/INC/Identify_bleaching_powder_among_given_samples_of_chemicals/images/ClothTweezer4.png]
[localhost/olabs/CHE/INC/Identify_bleaching_powder_among_given_samples_of_chemicals/images/ClothTweezer5.png]
[localhost/olabs/CHE/INC/Identify_bleaching_powder_among_given_samples_of_chemicals/images/ClothTweezer6.png]
[localhost/olabs/CHE/INC/Identify_bleaching_powder_among_given_samples_of_chemicals/images/ClothTweezer7.png]
[localhost/olabs/CHE/INC/Identify_bleaching_powder_among_given_samples_of_chemicals/images/ClothTweezer8.png]
[localhost/olabs/CHE/INC/Identify_bleaching_powder_among_given_samples_of_chemicals/images/ClothTweezer9.png]
[localhost/olabs/CHE/INC/Identify_bleaching_powder_among_given_samples_of_chemicals/images/ClothTweezer10.png]
[localhost/olabs/CHE/INC/Identify_bleaching_powder_among_given_samples_of_chemicals/images/clothGlassrod1.png]
[localhost/olabs/CHE/INC/Identify_bleaching_powder_among_given_samples_of_chemicals/images/clothGlassrod2.png]
[localhost/olabs/CHE/INC/Identify_bleaching_powder_among_given_samples_of_chemicals/images/clothGlassrod3.png]
[localhost/olabs/CHE/INC/Identify_bleaching_powder_among_given_samples_of_chemicals/images/clothGlassrod4.png]
[localhost/olabs/CHE/INC/Identify_bleaching_powder_among_given_samples_of_chemicals/images/clothGlassrod5.png]
[localhost/olabs/CHE/INC/Identify_bleaching_powder_among_given_samples_of_chemicals/images/clothGlassrod6.png]
[localhost/olabs/CHE/INC/Identify_bleaching_powder_among_given_samples_of_chemicals/images/clothGlassrod7.png]
[localhost/olabs/CHE/INC/Identify_bleaching_powder_among_given_samples_of_chemicals/images/clothGlassrod8.png]
[localhost/olabs/CHE/INC/Identify_bleaching_powder_among_given_samples_of_chemicals/images/clothGlassrod9.png]
[localhost/olabs/CHE/INC/Identify_bleaching_powder_among_given_samples_of_chemicals/images/clothGlassrod10.png]
[localhost/olabs/CHE/INC/Identify_bleaching_powder_among_given_samples_of_chemicals/images/clothGlassrod11.png]
[localhost/olabs/CHE/INC/Identify_bleaching_powder_among_given_samples_of_chemicals/images/clothGlassrod12.png]
[localhost/olabs/CHE/INC/Identify_bleaching_powder_among_given_samples_of_chemicals/images/clothGlassrod13.png]
[localhost/olabs/CHE/INC/Identify_bleaching_powder_among_given_samples_of_chemicals/images/clothGlassrod14.png]
[localhost/olabs/CHE/INC/Identify_bleaching_powder_among_given_samples_of_chemicals/images/clothGlassrod15.png]
[localhost/olabs/CHE/INC/Identify_bleaching_powder_among_given_samples_of_chemicals/images/clothGlassrod16.png]
[localhost/olabs/CHE/INC/Identify_bleaching_powder_among_given_samples_of_chemicals/images/clothGlassrod17.png]
[localhost/olabs/CHE/INC/Identify_bleaching_powder_among_given_samples_of_chemicals/images/clothGlassrod18.png]
[localhost/olabs/CHE/INC/Identify_bleaching_powder_among_given_samples_of_chemicals/images/clothGlassrod19.png]
[localhost/olabs/CHE/INC/Identify_bleaching_powder_among_given_samples_of_chemicals/images/clothGlassrod20.png]
[localhost/olabs/CHE/INC/Identify_bleaching_powder_among_given_samples_of_chemicals/images/ClothBlack1.png]
[localhost/olabs/CHE/INC/Identify_bleaching_powder_among_given_samples_of_chemicals/images/ClothBlack2.png]
[localhost/olabs/CHE/INC/Identify_bleaching_powder_among_given_samples_of_chemicals/images/ClothBlack3.png]
[localhost/olabs/CHE/INC/Identify_bleaching_powder_among_given_samples_of_chemicals/images/ClothBlack4.png]
[localhost/olabs/CHE/INC/Identify_bleaching_powder_among_given_samples_of_chemicals/images/ClothBlack5.png]
[localhost/olabs/CHE/INC/Identify_bleaching_powder_among_given_samples_of_chemicals/images/ClothBlack6.png]
[localhost/olabs/CHE/INC/Identify_bleaching_powder_among_given_samples_of_chemicals/images/ClothBlack7.png]
[localhost/olabs/CHE/INC/Identify_bleaching_powder_among_given_samples_of_chemicals/images/ClothBlack8.png]
[localhost/olabs/CHE/INC/Identify_bleaching_powder_among_given_samples_of_chemicals/images/ClothBlack9.png]
[localhost/olabs/CHE/INC/Identify_bleaching_powder_among_given_samples_of_chemicals/images/ClothBlack10.png]
[localhost/olabs/CHE/INC/Identify_bleaching_powder_among_given_samples_of_chemicals/images/ClothBlack11.png]
[localhost/olabs/CHE/INC/Identify_bleaching_powder_among_given_samples_of_chemicals/images/ClothBlack12.png]
[localhost/olabs/CHE/INC/Identify_bleaching_powder_among_given_samples_of_chemicals/images/ClothBlack13.png]
[localhost/olabs/CHE/INC/Identify_bleaching_powder_among_given_samples_of_chemicals/images/ClothBlack14.png]
[localhost/olabs/CHE/INC/Identify_bleaching_powder_among_given_samples_of_chemicals/images/ClothBlack15.png]
[localhost/olabs/CHE/INC/Identify_bleaching_powder_among_given_samples_of_chemicals/images/ClothBlack16.png]
[localhost/olabs/CHE/INC/Identify_bleaching_powder_among_given_samples_of_chemicals/images/ClothBlack17.png]
[localhost/olabs/CHE/INC/Identify_bleaching_powder_among_given_samples_of_chemicals/images/ClothBlack18.png]
[localhost/olabs/CHE/INC/Identify_bleaching_powder_among_given_samples_of_chemicals/images/ClothBlack19.png]
[localhost/olabs/CHE/INC/Identify_bleaching_powder_among_given_samples_of_chemicals/images/ClothBlack20.png]
[localhost/olabs/html5/indexce7b.html]
[localhost/olabs/CHE/INC/To_study_the_oxidation_reaction_of_alcohols/js/help.js]
[localhost/olabs/CHE/INC/To_study_the_oxidation_reaction_of_alcohols/js/simcontrols.js]
[localhost/olabs/CHE/INC/To_study_the_oxidation_reaction_of_alcohols/js/Gettext.js]
[localhost/olabs/CHE/INC/To_study_the_oxidation_reaction_of_alcohols/js/jquery-1.12.4.js]
[localhost/olabs/CHE/INC/To_study_the_oxidation_reaction_of_alcohols/js/jquery-ui.js]
[localhost/olabs/CHE/INC/To_study_the_oxidation_reaction_of_alcohols/images/Inference.png]
[localhost/olabs/CHE/INC/To_study_the_oxidation_reaction_of_alcohols/images/f1.png]
[localhost/olabs/CHE/INC/To_study_the_oxidation_reaction_of_alcohols/images/f2.png]
[localhost/olabs/CHE/INC/To_study_the_oxidation_reaction_of_alcohols/images/f3.png]
[localhost/olabs/CHE/INC/To_study_the_oxidation_reaction_of_alcohols/images/f4.png]
[localhost/olabs/CHE/INC/To_study_the_oxidation_reaction_of_alcohols/images/f5.png]
[localhost/olabs/CHE/INC/To_study_the_oxidation_reaction_of_alcohols/images/f6.png]
[localhost/olabs/CHE/INC/To_study_the_oxidation_reaction_of_alcohols/images/f7.png]
[localhost/olabs/CHE/INC/To_study_the_oxidation_reaction_of_alcohols/images/f8.png]
[localhost/olabs/CHE/INC/To_study_the_oxidation_reaction_of_alcohols/images/f9.png]
[localhost/olabs/CHE/INC/To_study_the_oxidation_reaction_of_alcohols/images/f10.png]
[localhost/olabs/CHE/INC/To_study_the_oxidation_reaction_of_alcohols/images/f11.png]
[localhost/olabs/CHE/INC/To_study_the_oxidation_reaction_of_alcohols/images/f12.png]
[localhost/olabs/CHE/INC/To_study_the_oxidation_reaction_of_alcohols/images/f13.png]
[localhost/olabs/CHE/INC/To_study_the_oxidation_reaction_of_alcohols/images/f14.png]
[localhost/olabs/CHE/INC/To_study_the_oxidation_reaction_of_alcohols/images/f15.png]
[localhost/olabs/html5/index9c82.html]
[localhost/olabs/CHE/INC/Compare_the_foaming_capacity_of_different_samples_of_soap/js/help.js]
[localhost/olabs/CHE/INC/Compare_the_foaming_capacity_of_different_samples_of_soap/js/simcontrols.js]
[localhost/olabs/CHE/INC/Compare_the_foaming_capacity_of_different_samples_of_soap/js/Gettext.js]
[localhost/olabs/CHE/INC/Compare_the_foaming_capacity_of_different_samples_of_soap/images/TestubeStandTopPng.png]
[localhost/olabs/CHE/INC/Compare_the_foaming_capacity_of_different_samples_of_soap/images/TestubeStandPng.png]
[localhost/olabs/CHE/INC/Compare_the_foaming_capacity_of_different_samples_of_soap/images/foam.png]
[localhost/olabs/CHE/INC/Compare_the_foaming_capacity_of_different_samples_of_soap/images/foam2.png]
[localhost/olabs/CHE/INC/Compare_the_foaming_capacity_of_different_samples_of_soap/images/StandUnder.png]
[localhost/olabs/CHE/INC/Compare_the_foaming_capacity_of_different_samples_of_soap/images/StandTop.png]
[localhost/olabs/CHE/INC/Compare_the_foaming_capacity_of_different_samples_of_soap/images/drop.png]
[localhost/olabs/CHE/INC/Compare_the_foaming_capacity_of_different_samples_of_soap/images/Inference.png]
[localhost/olabs/CHE/INC/Compare_the_foaming_capacity_of_different_samples_of_soap/images/scale.png]
[localhost/olabs/CHE/INC/Compare_the_foaming_capacity_of_different_samples_of_soap/images/testTubewithHand.png]
[localhost/olabs/CHE/INC/Compare_the_foaming_capacity_of_different_samples_of_soap/images/beaker.png]
[localhost/olabs/html5/index377c.html]
[localhost/olabs/CHE/INC/To_prepare_sulphurdioxide_gas_and_study_its_physical_and_chemical_properties/js/Gettext.js]
[localhost/olabs/CHE/INC/To_prepare_sulphurdioxide_gas_and_study_its_physical_and_chemical_properties/js/help.js]
[localhost/olabs/CHE/INC/To_prepare_sulphurdioxide_gas_and_study_its_physical_and_chemical_properties/js/simcontrols.js]
[localhost/olabs/CHE/INC/To_prepare_sulphurdioxide_gas_and_study_its_physical_and_chemical_properties/images/BG.jpg]
[localhost/olabs/CHE/INC/To_prepare_sulphurdioxide_gas_and_study_its_physical_and_chemical_properties/images/pourline1.png]
[localhost/olabs/CHE/INC/To_prepare_sulphurdioxide_gas_and_study_its_physical_and_chemical_properties/images/GLASS TUBE.png]
[localhost/olabs/CHE/INC/To_prepare_sulphurdioxide_gas_and_study_its_physical_and_chemical_properties/images/Flame ani10001.png]
[localhost/olabs/CHE/INC/To_prepare_sulphurdioxide_gas_and_study_its_physical_and_chemical_properties/images/Flame ani10004.png]
[localhost/olabs/CHE/INC/To_prepare_sulphurdioxide_gas_and_study_its_physical_and_chemical_properties/images/Flame ani10005.png]
[localhost/olabs/CHE/INC/To_prepare_sulphurdioxide_gas_and_study_its_physical_and_chemical_properties/images/Flame ani10006.png]
[localhost/olabs/CHE/INC/To_prepare_sulphurdioxide_gas_and_study_its_physical_and_chemical_properties/images/Flame ani10007.png]
[localhost/olabs/CHE/INC/To_prepare_sulphurdioxide_gas_and_study_its_physical_and_chemical_properties/images/Flame ani10008.png]
[localhost/olabs/CHE/INC/To_prepare_sulphurdioxide_gas_and_study_its_physical_and_chemical_properties/images/Flame ani10009.png]
[localhost/olabs/CHE/INC/To_prepare_sulphurdioxide_gas_and_study_its_physical_and_chemical_properties/images/Flame ani10002.png]
[localhost/olabs/CHE/INC/To_prepare_sulphurdioxide_gas_and_study_its_physical_and_chemical_properties/images/Flame ani10003.png]
[localhost/olabs/CHE/INC/To_prepare_sulphurdioxide_gas_and_study_its_physical_and_chemical_properties/images/Flame ani10010.png]
[localhost/olabs/CHE/INC/To_prepare_sulphurdioxide_gas_and_study_its_physical_and_chemical_properties/images/Flame ani10011.png]
[localhost/olabs/CHE/INC/To_prepare_sulphurdioxide_gas_and_study_its_physical_and_chemical_properties/images/Flame ani10012.png]
[localhost/olabs/CHE/INC/To_prepare_sulphurdioxide_gas_and_study_its_physical_and_chemical_properties/images/Flame ani10013.png]
[localhost/olabs/CHE/INC/To_prepare_sulphurdioxide_gas_and_study_its_physical_and_chemical_properties/images/Flame ani10014.png]
[localhost/olabs/CHE/INC/To_prepare_sulphurdioxide_gas_and_study_its_physical_and_chemical_properties/images/Flame ani10015.png]
[localhost/olabs/CHE/INC/To_prepare_sulphurdioxide_gas_and_study_its_physical_and_chemical_properties/images/GLASS TUBE LYING.png]
[localhost/olabs/CHE/INC/To_prepare_sulphurdioxide_gas_and_study_its_physical_and_chemical_properties/images/label.png]
[localhost/olabs/CHE/INC/To_prepare_sulphurdioxide_gas_and_study_its_physical_and_chemical_properties/images/Inference.png]
[localhost/olabs/CHE/INC/To_prepare_sulphurdioxide_gas_and_study_its_physical_and_chemical_properties/images/DROPPER SOLUTION_WHITE.png]
[localhost/olabs/CHE/INC/To_prepare_sulphurdioxide_gas_and_study_its_physical_and_chemical_properties/images/WATER IN RB.png]
[localhost/olabs/CHE/INC/To_prepare_sulphurdioxide_gas_and_study_its_physical_and_chemical_properties/images/TROUGH.png]
[localhost/olabs/CHE/INC/To_prepare_sulphurdioxide_gas_and_study_its_physical_and_chemical_properties/images/BURNER OFF.png]
[localhost/olabs/CHE/INC/To_prepare_sulphurdioxide_gas_and_study_its_physical_and_chemical_properties/images/BURNER ON.png]
[localhost/olabs/CHE/INC/To_prepare_sulphurdioxide_gas_and_study_its_physical_and_chemical_properties/images/CORK.png]
[localhost/olabs/CHE/INC/To_prepare_sulphurdioxide_gas_and_study_its_physical_and_chemical_properties/images/STAND WHOLE SETUP.png]
[localhost/olabs/CHE/INC/To_prepare_sulphurdioxide_gas_and_study_its_physical_and_chemical_properties/images/DROPPER SOLUTION_BLUE.png]
[localhost/olabs/CHE/INC/To_prepare_sulphurdioxide_gas_and_study_its_physical_and_chemical_properties/images/DROPPER.png]
[localhost/olabs/CHE/INC/To_prepare_sulphurdioxide_gas_and_study_its_physical_and_chemical_properties/images/BOTTLE SOLUTION_BLUE.png]
[localhost/olabs/CHE/INC/To_prepare_sulphurdioxide_gas_and_study_its_physical_and_chemical_properties/images/BOTTLE.png]
[localhost/olabs/CHE/INC/To_prepare_sulphurdioxide_gas_and_study_its_physical_and_chemical_properties/images/BOTTLE SOLUTION_WHITE.png]
[localhost/olabs/CHE/INC/To_prepare_sulphurdioxide_gas_and_study_its_physical_and_chemical_properties/images/TESTUBE SOLUTION_BLUE.png]
[localhost/olabs/CHE/INC/To_prepare_sulphurdioxide_gas_and_study_its_physical_and_chemical_properties/images/TESTUBE SOLUTION_WATER.png]
[localhost/olabs/CHE/INC/To_prepare_sulphurdioxide_gas_and_study_its_physical_and_chemical_properties/images/drop.png]
[localhost/olabs/CHE/INC/To_prepare_sulphurdioxide_gas_and_study_its_physical_and_chemical_properties/images/DROPPER SOLUTION_ORANGE.png]
[localhost/olabs/CHE/INC/To_prepare_sulphurdioxide_gas_and_study_its_physical_and_chemical_properties/images/BOTTLE SOLUTION_ORANGE.png]
[localhost/olabs/CHE/INC/To_prepare_sulphurdioxide_gas_and_study_its_physical_and_chemical_properties/images/DROP_ORANGE.png]
[localhost/olabs/CHE/INC/To_prepare_sulphurdioxide_gas_and_study_its_physical_and_chemical_properties/images/TESTUBE SOLUTION_ORANGE.png]
[localhost/olabs/CHE/INC/To_prepare_sulphurdioxide_gas_and_study_its_physical_and_chemical_properties/images/TESTUBE SOLUTION_GREEN.png]
[localhost/olabs/html5/index04ea.html]
[localhost/olabs/CHE/INC/Measure_the_change_in_temperature_during_chemical_reactions/js/simcontrols.js]
[localhost/olabs/CHE/INC/Measure_the_change_in_temperature_during_chemical_reactions/js/help.js]
[localhost/olabs/CHE/INC/Measure_the_change_in_temperature_during_chemical_reactions/js/Gettext.js]
[localhost/olabs/CHE/INC/Measure_the_change_in_temperature_during_chemical_reactions/images/BG.jpg]
[localhost/olabs/CHE/INC/Measure_the_change_in_temperature_during_chemical_reactions/images/inference.png]
[localhost/olabs/CHE/INC/Measure_the_change_in_temperature_during_chemical_reactions/images/alert.png]
[localhost/olabs/html5/index600e.html]
[localhost/olabs/CHE/INC/To_study_the_changes_in_the_state_of_sublimate_solids_on_heating/js/help.js]
[localhost/olabs/CHE/INC/To_study_the_changes_in_the_state_of_sublimate_solids_on_heating/js/simcontrols.js]
[localhost/olabs/CHE/INC/To_study_the_changes_in_the_state_of_sublimate_solids_on_heating/js/Gettext.js]
[localhost/olabs/CHE/INC/To_study_the_changes_in_the_state_of_sublimate_solids_on_heating/js/QuestionExecutePackage.js]
[localhost/olabs/CHE/INC/To_study_the_changes_in_the_state_of_sublimate_solids_on_heating/images/bg.png]
[localhost/olabs/CHE/INC/To_study_the_changes_in_the_state_of_sublimate_solids_on_heating/images/ChinaDish.png]
[localhost/olabs/CHE/INC/To_study_the_changes_in_the_state_of_sublimate_solids_on_heating/images/CottonPlug.png]
[localhost/olabs/CHE/INC/To_study_the_changes_in_the_state_of_sublimate_solids_on_heating/images/Funnel.png]
[localhost/olabs/CHE/INC/To_study_the_changes_in_the_state_of_sublimate_solids_on_heating/images/Bottle.png]
[localhost/olabs/CHE/INC/To_study_the_changes_in_the_state_of_sublimate_solids_on_heating/images/BottleCap.png]
[localhost/olabs/CHE/INC/To_study_the_changes_in_the_state_of_sublimate_solids_on_heating/images/Spatula.png]
[localhost/olabs/CHE/INC/To_study_the_changes_in_the_state_of_sublimate_solids_on_heating/images/Powder.png]
[localhost/olabs/CHE/INC/To_study_the_changes_in_the_state_of_sublimate_solids_on_heating/images/Burner.png]
[localhost/olabs/CHE/INC/To_study_the_changes_in_the_state_of_sublimate_solids_on_heating/images/BurnerOn.png]
[localhost/olabs/CHE/INC/To_study_the_changes_in_the_state_of_sublimate_solids_on_heating/images/BurnerOff.png]
[localhost/olabs/CHE/INC/To_study_the_changes_in_the_state_of_sublimate_solids_on_heating/images/TriStand.png]
[localhost/olabs/CHE/INC/To_study_the_changes_in_the_state_of_sublimate_solids_on_heating/images/Cotton.png]
[localhost/olabs/CHE/INC/To_study_the_changes_in_the_state_of_sublimate_solids_on_heating/images/dishWater.png]
[localhost/olabs/CHE/INC/To_study_the_changes_in_the_state_of_sublimate_solids_on_heating/images/cottonWet.png]
[localhost/olabs/CHE/INC/To_study_the_changes_in_the_state_of_sublimate_solids_on_heating/images/fog.png]
[localhost/olabs/CHE/INC/To_study_the_changes_in_the_state_of_sublimate_solids_on_heating/images/Inference.png]
[localhost/olabs/CHE/INC/To_study_the_changes_in_the_state_of_sublimate_solids_on_heating/images/labelBoard.png]
[localhost/olabs/html5/index6044.html]
[localhost/olabs/CHE/ANC/Preparation_of_aniline_yellow/js/help.js]
[localhost/olabs/CHE/ANC/Preparation_of_aniline_yellow/js/simcontrols.js]
[localhost/olabs/CHE/ANC/Preparation_of_aniline_yellow/js/Gettext.js]
[localhost/olabs/CHE/ANC/Preparation_of_aniline_yellow/images/bg.jpg]
[localhost/olabs/CHE/ANC/Preparation_of_aniline_yellow/images/Inference.png]
[localhost/olabs/CHE/ANC/Preparation_of_aniline_yellow/images/ice_bath.png]
[localhost/olabs/CHE/ANC/Preparation_of_aniline_yellow/images/ice_cubes.png]
[localhost/olabs/CHE/ANC/Preparation_of_aniline_yellow/images/waterInJar.png]
[localhost/olabs/CHE/ANC/Preparation_of_aniline_yellow/images/Cylinder.png]
[localhost/olabs/CHE/ANC/Preparation_of_aniline_yellow/images/drop.png]
[localhost/olabs/CHE/ANC/Preparation_of_aniline_yellow/images/dropA.png]
[localhost/olabs/CHE/ANC/Preparation_of_aniline_yellow/images/dropper.png]
[localhost/olabs/CHE/ANC/Preparation_of_aniline_yellow/images/dropperLiquid.png]
[localhost/olabs/CHE/ANC/Preparation_of_aniline_yellow/images/pourline.png]
[localhost/olabs/CHE/ANC/Preparation_of_aniline_yellow/images/Thermometer.png]
[localhost/olabs/CHE/ANC/Preparation_of_aniline_yellow/images/ThermometerH.png]
[localhost/olabs/CHE/ANC/Preparation_of_aniline_yellow/images/Anilinesol.png]
[localhost/olabs/CHE/ANC/Preparation_of_aniline_yellow/images/bottle1.png]
[localhost/olabs/CHE/ANC/Preparation_of_aniline_yellow/images/label.png]
[localhost/olabs/CHE/ANC/Preparation_of_aniline_yellow/images/glasstube.png]
[localhost/olabs/CHE/ANC/Preparation_of_aniline_yellow/images/beaker.png]
[localhost/olabs/CHE/ANC/Preparation_of_aniline_yellow/images/bottle.png]
[localhost/olabs/CHE/ANC/Preparation_of_aniline_yellow/images/hclV.png]
[localhost/olabs/CHE/ANC/Preparation_of_aniline_yellow/images/clyhclliq.png]
[localhost/olabs/CHE/ANC/Preparation_of_aniline_yellow/images/hclliq.png]
[localhost/olabs/CHE/ANC/Preparation_of_aniline_yellow/images/dropperLiquidA.png]
[localhost/olabs/CHE/ANC/Preparation_of_aniline_yellow/images/anilV.png]
[localhost/olabs/CHE/ANC/Preparation_of_aniline_yellow/images/bg1.jpg]
[localhost/olabs/CHE/ANC/Preparation_of_aniline_yellow/images/bdcsol.png]
[localhost/olabs/CHE/ANC/Preparation_of_aniline_yellow/images/halfAniline.png]
[localhost/olabs/CHE/ANC/Preparation_of_aniline_yellow/images/AnilineVLeft.png]
[localhost/olabs/CHE/ANC/Preparation_of_aniline_yellow/images/beakerR.png]
[localhost/olabs/CHE/ANC/Preparation_of_aniline_yellow/images/benVLeft.png]
[localhost/olabs/CHE/ANC/Preparation_of_aniline_yellow/images/butterpaper.png]
[localhost/olabs/CHE/ANC/Preparation_of_aniline_yellow/images/salt.png]
[localhost/olabs/CHE/ANC/Preparation_of_aniline_yellow/images/standtop.png]
[localhost/olabs/CHE/ANC/Preparation_of_aniline_yellow/images/standunder.png]
[localhost/olabs/CHE/ANC/Preparation_of_aniline_yellow/images/powderpour.png]
[localhost/olabs/CHE/ANC/Preparation_of_aniline_yellow/images/butterpaperly.png]
[localhost/olabs/CHE/ANC/Preparation_of_aniline_yellow/images/dropAV.png]
[localhost/olabs/CHE/ANC/Preparation_of_aniline_yellow/images/benDrop.png]
[localhost/olabs/CHE/ANC/Preparation_of_aniline_yellow/images/bg2.jpg]
[localhost/olabs/CHE/ANC/Preparation_of_aniline_yellow/images/beakerfig3.png]
[localhost/olabs/CHE/ANC/Preparation_of_aniline_yellow/images/butterpaperflat.png]
[localhost/olabs/CHE/ANC/Preparation_of_aniline_yellow/images/butterpaperflatyellow.png]
[localhost/olabs/CHE/ANC/Preparation_of_aniline_yellow/images/standunderfig3.png]
[localhost/olabs/CHE/ANC/Preparation_of_aniline_yellow/images/funnel.png]
[localhost/olabs/CHE/ANC/Preparation_of_aniline_yellow/images/standtopfig3.png]
[localhost/olabs/CHE/ANC/Preparation_of_aniline_yellow/images/yellowsamp.png]
[localhost/olabs/CHE/ANC/Preparation_of_aniline_yellow/images/yellowpour.png]
[localhost/olabs/CHE/ANC/Preparation_of_aniline_yellow/images/funnelwithsatand.png]
[localhost/olabs/CHE/ANC/Preparation_of_aniline_yellow/images/tube.png]
[localhost/olabs/CHE/ANC/Preparation_of_aniline_yellow/images/paperlyyellow.png]
[localhost/olabs/CHE/ANC/Preparation_of_aniline_yellow/images/butterpaperlyyellow.png]
[localhost/olabs/CHE/ANC/Preparation_of_aniline_yellow/images/tubeyellowsamp.png]
[localhost/olabs/CHE/ANC/Preparation_of_aniline_yellow/images/meltingPointApr.png]
[localhost/olabs/CHE/ANC/Preparation_of_aniline_yellow/images/meltingPointAprTop.png]
[localhost/olabs/CHE/ANC/Preparation_of_aniline_yellow/images/switchOff.png]
[localhost/olabs/CHE/ANC/Preparation_of_aniline_yellow/images/switchOn.png]
[localhost/olabs/CHE/ANC/Preparation_of_aniline_yellow/images/lightOff.png]
[localhost/olabs/CHE/ANC/Preparation_of_aniline_yellow/images/lightOn.png]
[localhost/olabs/CHE/ANC/Preparation_of_aniline_yellow/images/Rotate.png]
[localhost/olabs/CHE/ANC/Preparation_of_aniline_yellow/images/Rotate5.png]
[localhost/olabs/CHE/ANC/Preparation_of_aniline_yellow/images/glassLight.png]
[localhost/olabs/CHE/ANC/Preparation_of_aniline_yellow/images/zoom.png]
[localhost/olabs/CHE/ANC/Preparation_of_aniline_yellow/images/termo125.png]
[localhost/olabs/html5/index6549.html]
[localhost/olabs/CHE/ANC/To_show_that_acids_bases_and_salts_are_electrolytes/js/help.js]
[localhost/olabs/CHE/ANC/To_show_that_acids_bases_and_salts_are_electrolytes/js/simcontrols.js]
[localhost/olabs/CHE/ANC/To_show_that_acids_bases_and_salts_are_electrolytes/js/QuestionExecutePackage.js]
[localhost/olabs/CHE/ANC/To_show_that_acids_bases_and_salts_are_electrolytes/js/Gettext.js]
[localhost/olabs/CHE/ANC/To_show_that_acids_bases_and_salts_are_electrolytes/images/bg.png]
[localhost/olabs/CHE/ANC/To_show_that_acids_bases_and_salts_are_electrolytes/images/board.png]
[localhost/olabs/CHE/ANC/To_show_that_acids_bases_and_salts_are_electrolytes/images/beakerA.png]
[localhost/olabs/CHE/ANC/To_show_that_acids_bases_and_salts_are_electrolytes/images/sodiumnit.png]
[localhost/olabs/CHE/ANC/To_show_that_acids_bases_and_salts_are_electrolytes/images/beakerB.png]
[localhost/olabs/CHE/ANC/To_show_that_acids_bases_and_salts_are_electrolytes/images/beakerC.png]
[localhost/olabs/CHE/ANC/To_show_that_acids_bases_and_salts_are_electrolytes/images/beakerD.png]
[localhost/olabs/CHE/ANC/To_show_that_acids_bases_and_salts_are_electrolytes/images/beakerWater.png]
[localhost/olabs/CHE/ANC/To_show_that_acids_bases_and_salts_are_electrolytes/images/drop.png]
[localhost/olabs/CHE/ANC/To_show_that_acids_bases_and_salts_are_electrolytes/images/powderpour.png]
[localhost/olabs/CHE/ANC/To_show_that_acids_bases_and_salts_are_electrolytes/images/lableA.png]
[localhost/olabs/CHE/ANC/To_show_that_acids_bases_and_salts_are_electrolytes/images/lableB.png]
[localhost/olabs/CHE/ANC/To_show_that_acids_bases_and_salts_are_electrolytes/images/lableC.png]
[localhost/olabs/CHE/ANC/To_show_that_acids_bases_and_salts_are_electrolytes/images/lableD.png]
[localhost/olabs/CHE/ANC/To_show_that_acids_bases_and_salts_are_electrolytes/images/dropper.png]
[localhost/olabs/CHE/ANC/To_show_that_acids_bases_and_salts_are_electrolytes/images/dropperLiquid.png]
[localhost/olabs/CHE/ANC/To_show_that_acids_bases_and_salts_are_electrolytes/images/bottle.png]
[localhost/olabs/CHE/ANC/To_show_that_acids_bases_and_salts_are_electrolytes/images/watchglass.png]
[localhost/olabs/CHE/ANC/To_show_that_acids_bases_and_salts_are_electrolytes/images/label.png]
[localhost/olabs/CHE/ANC/To_show_that_acids_bases_and_salts_are_electrolytes/images/labcork.png]
[localhost/olabs/CHE/ANC/To_show_that_acids_bases_and_salts_are_electrolytes/images/labnail.png]
[localhost/olabs/CHE/ANC/To_show_that_acids_bases_and_salts_are_electrolytes/images/labbattery.png]
[localhost/olabs/CHE/ANC/To_show_that_acids_bases_and_salts_are_electrolytes/images/labBulb.png]
[localhost/olabs/CHE/ANC/To_show_that_acids_bases_and_salts_are_electrolytes/images/keyholder.png]
[localhost/olabs/CHE/ANC/To_show_that_acids_bases_and_salts_are_electrolytes/images/labkey.png]
[localhost/olabs/CHE/ANC/To_show_that_acids_bases_and_salts_are_electrolytes/images/circuit_diagram.png]
[localhost/olabs/CHE/ANC/To_show_that_acids_bases_and_salts_are_electrolytes/images/cork.png]
[localhost/olabs/CHE/ANC/To_show_that_acids_bases_and_salts_are_electrolytes/images/nailToBatteryTop.png]
[localhost/olabs/CHE/ANC/To_show_that_acids_bases_and_salts_are_electrolytes/images/batter6V.png]
[localhost/olabs/CHE/ANC/To_show_that_acids_bases_and_salts_are_electrolytes/images/keyboard.png]
[localhost/olabs/CHE/ANC/To_show_that_acids_bases_and_salts_are_electrolytes/images/wireBulbRightKey.png]
[localhost/olabs/CHE/ANC/To_show_that_acids_bases_and_salts_are_electrolytes/images/batteryToBulb.png]
[localhost/olabs/CHE/ANC/To_show_that_acids_bases_and_salts_are_electrolytes/images/bulb.png]
[localhost/olabs/CHE/ANC/To_show_that_acids_bases_and_salts_are_electrolytes/images/light.png]
[localhost/olabs/CHE/ANC/To_show_that_acids_bases_and_salts_are_electrolytes/images/key.png]
[localhost/olabs/CHE/ANC/To_show_that_acids_bases_and_salts_are_electrolytes/images/nail.png]
[localhost/olabs/CHE/ANC/To_show_that_acids_bases_and_salts_are_electrolytes/images/corkfront.png]
[localhost/olabs/CHE/ANC/To_show_that_acids_bases_and_salts_are_electrolytes/images/switchToNail.png]
[localhost/olabs/CHE/ANC/To_show_that_acids_bases_and_salts_are_electrolytes/images/figure3A.png]
[localhost/olabs/CHE/ANC/To_show_that_acids_bases_and_salts_are_electrolytes/images/figure3B.png]
[localhost/olabs/CHE/ANC/To_show_that_acids_bases_and_salts_are_electrolytes/images/figure3C.png]
[localhost/olabs/CHE/ANC/To_show_that_acids_bases_and_salts_are_electrolytes/images/figure5D.png]
[localhost/olabs/html5/indexa768.html]
[localhost/olabs/CHE/ANC/EffectOfTemperatureOnRateOfReaction/js/help.js]
[localhost/olabs/CHE/ANC/EffectOfTemperatureOnRateOfReaction/js/effectOfTemp.js]
[localhost/olabs/CHE/ANC/EffectOfTemperatureOnRateOfReaction/js/QuestionExecutePackage.js]
[localhost/olabs/CHE/ANC/EffectOfTemperatureOnRateOfReaction/js/simcontrols.js]
[localhost/olabs/CHE/ANC/EffectOfTemperatureOnRateOfReaction/js/Gettext.js]
[localhost/olabs/CHE/ANC/EffectOfTemperatureOnRateOfReaction/images/bg.png]
[localhost/olabs/CHE/ANC/EffectOfTemperatureOnRateOfReaction/images/inference.png]
[localhost/olabs/CHE/ANC/EffectOfTemperatureOnRateOfReaction/images/pourline1.png]
[localhost/olabs/CHE/ANC/EffectOfTemperatureOnRateOfReaction/images/DIGITAL CLOCK - START.png]
[localhost/olabs/CHE/ANC/EffectOfTemperatureOnRateOfReaction/images/DIGITAL CLOCK - STOP.png]
[localhost/olabs/CHE/ANC/EffectOfTemperatureOnRateOfReaction/images/alert.png]
[localhost/olabs/CHE/ANC/EffectOfTemperatureOnRateOfReaction/images/BURETTE STOPPER.png]
[localhost/olabs/CHE/ANC/EffectOfTemperatureOnRateOfReaction/images/BURETTE SOLUTION CLOSED.png]
[localhost/olabs/CHE/ANC/EffectOfTemperatureOnRateOfReaction/images/BURETTE SOLUTION OPENED.png]
[localhost/olabs/CHE/ANC/EffectOfTemperatureOnRateOfReaction/images/BURETTEANDSTAND.png]
[localhost/olabs/CHE/ANC/EffectOfTemperatureOnRateOfReaction/images/Tile.png]
[localhost/olabs/CHE/ANC/EffectOfTemperatureOnRateOfReaction/images/CONICAL FLASK.png]
[localhost/olabs/CHE/ANC/EffectOfTemperatureOnRateOfReaction/images/CONICAL FLASK-Solution.png]
[localhost/olabs/CHE/ANC/EffectOfTemperatureOnRateOfReaction/images/CONICAL FLASK-Fade Solution.png]
[localhost/olabs/CHE/ANC/EffectOfTemperatureOnRateOfReaction/images/MEASURING JAR 50ML.png]
[localhost/olabs/CHE/ANC/EffectOfTemperatureOnRateOfReaction/images/MEASURING JAR 50ML-Solution.png]
[localhost/olabs/CHE/ANC/EffectOfTemperatureOnRateOfReaction/images/MEASURING JAR 50ML-Solution Pouring.png]
[localhost/olabs/CHE/ANC/EffectOfTemperatureOnRateOfReaction/images/GLASSSTOPPER.png]
[localhost/olabs/CHE/ANC/EffectOfTemperatureOnRateOfReaction/images/bottle.png]
[localhost/olabs/CHE/ANC/EffectOfTemperatureOnRateOfReaction/images/Water.png]
[localhost/olabs/CHE/ANC/EffectOfTemperatureOnRateOfReaction/images/GLASS BOTTLE-Solution Pouring.png]
[localhost/olabs/CHE/ANC/EffectOfTemperatureOnRateOfReaction/images/Graph1.png]
[localhost/olabs/CHE/ANC/EffectOfTemperatureOnRateOfReaction/images/horizontal.png]
[localhost/olabs/CHE/ANC/EffectOfTemperatureOnRateOfReaction/images/verticalline.png]
[localhost/olabs/CHE/ANC/EffectOfTemperatureOnRateOfReaction/images/graph_arrow.png]
[localhost/olabs/CHE/ANC/EffectOfTemperatureOnRateOfReaction/images/pointGraph.png]
[localhost/olabs/CHE/ANC/EffectOfTemperatureOnRateOfReaction/images/graphjoin_line.png]
[localhost/olabs/CHE/ANC/EffectOfTemperatureOnRateOfReaction/images/Burner.png]
[localhost/olabs/CHE/ANC/EffectOfTemperatureOnRateOfReaction/images/Switch on.png]
[localhost/olabs/CHE/ANC/EffectOfTemperatureOnRateOfReaction/images/Switch off.png]
[localhost/olabs/CHE/ANC/EffectOfTemperatureOnRateOfReaction/images/THERMOMETER.png]
[localhost/olabs/html5/index4b87.html]
[localhost/olabs/CHE/INC/To_determine_the_enthalpy_of_neutralization_of_a_strong_acid_(HCl)_with_a_sturdy_base_(NaOH)/js/help.js]
[localhost/olabs/CHE/INC/To_determine_the_enthalpy_of_neutralization_of_a_strong_acid_(HCl)_with_a_sturdy_base_(NaOH)/js/simcontrols.js]
[localhost/olabs/CHE/INC/To_determine_the_enthalpy_of_neutralization_of_a_strong_acid_(HCl)_with_a_sturdy_base_(NaOH)/js/Gettext.js]
[localhost/olabs/CHE/INC/To_determine_the_enthalpy_of_neutralization_of_a_strong_acid_(HCl)_with_a_sturdy_base_(NaOH)/js/jquery-1.12.4.js]
[localhost/olabs/CHE/INC/To_determine_the_enthalpy_of_neutralization_of_a_strong_acid_(HCl)_with_a_sturdy_base_(NaOH)/js/jquery-ui.js]
[localhost/olabs/CHE/INC/To_determine_the_enthalpy_of_neutralization_of_a_strong_acid_(HCl)_with_a_sturdy_base_(NaOH)/images/background.png]
[localhost/olabs/CHE/INC/To_determine_the_enthalpy_of_neutralization_of_a_strong_acid_(HCl)_with_a_sturdy_base_(NaOH)/images/board.jpg]
[localhost/olabs/CHE/INC/To_determine_the_enthalpy_of_neutralization_of_a_strong_acid_(HCl)_with_a_sturdy_base_(NaOH)/images/calorimetermain.png]
[localhost/olabs/CHE/INC/To_determine_the_enthalpy_of_neutralization_of_a_strong_acid_(HCl)_with_a_sturdy_base_(NaOH)/images/calorimetertop.png]
[localhost/olabs/CHE/INC/To_determine_the_enthalpy_of_neutralization_of_a_strong_acid_(HCl)_with_a_sturdy_base_(NaOH)/images/calorimeterlayer.png]
[localhost/olabs/CHE/INC/To_determine_the_enthalpy_of_neutralization_of_a_strong_acid_(HCl)_with_a_sturdy_base_(NaOH)/images/stirrer.png]
[localhost/olabs/CHE/INC/To_determine_the_enthalpy_of_neutralization_of_a_strong_acid_(HCl)_with_a_sturdy_base_(NaOH)/images/pourline.png]
[localhost/olabs/CHE/INC/To_determine_the_enthalpy_of_neutralization_of_a_strong_acid_(HCl)_with_a_sturdy_base_(NaOH)/images/caloriside.png]
[localhost/olabs/CHE/INC/To_determine_the_enthalpy_of_neutralization_of_a_strong_acid_(HCl)_with_a_sturdy_base_(NaOH)/images/measuringcylinder.png]
[localhost/olabs/CHE/INC/To_determine_the_enthalpy_of_neutralization_of_a_strong_acid_(HCl)_with_a_sturdy_base_(NaOH)/images/beakerwater.png]
[localhost/olabs/CHE/INC/To_determine_the_enthalpy_of_neutralization_of_a_strong_acid_(HCl)_with_a_sturdy_base_(NaOH)/images/labelhcl.png]
[localhost/olabs/CHE/INC/To_determine_the_enthalpy_of_neutralization_of_a_strong_acid_(HCl)_with_a_sturdy_base_(NaOH)/images/beaker.png]
[localhost/olabs/CHE/INC/To_determine_the_enthalpy_of_neutralization_of_a_strong_acid_(HCl)_with_a_sturdy_base_(NaOH)/images/beakerLayer.png]
[localhost/olabs/CHE/INC/To_determine_the_enthalpy_of_neutralization_of_a_strong_acid_(HCl)_with_a_sturdy_base_(NaOH)/images/labelnaoh.png]
[localhost/olabs/CHE/INC/To_determine_the_enthalpy_of_neutralization_of_a_strong_acid_(HCl)_with_a_sturdy_base_(NaOH)/images/calori label.png]
[localhost/olabs/CHE/INC/To_determine_the_enthalpy_of_neutralization_of_a_strong_acid_(HCl)_with_a_sturdy_base_(NaOH)/images/Thermo label.png]
[localhost/olabs/CHE/INC/To_determine_the_enthalpy_of_neutralization_of_a_strong_acid_(HCl)_with_a_sturdy_base_(NaOH)/images/thermostandmain.png]
[localhost/olabs/CHE/INC/To_determine_the_enthalpy_of_neutralization_of_a_strong_acid_(HCl)_with_a_sturdy_base_(NaOH)/images/thermostandside.png]
[localhost/olabs/CHE/INC/To_determine_the_enthalpy_of_neutralization_of_a_strong_acid_(HCl)_with_a_sturdy_base_(NaOH)/images/thermostandlayer.png]
[localhost/olabs/CHE/INC/To_determine_the_enthalpy_of_neutralization_of_a_strong_acid_(HCl)_with_a_sturdy_base_(NaOH)/images/thermometer.png]
[localhost/olabs/CHE/INC/To_determine_the_enthalpy_of_neutralization_of_a_strong_acid_(HCl)_with_a_sturdy_base_(NaOH)/images/Inference.png]
[localhost/olabs/html5/indexa0e4.html]
[localhost/olabs/html5/template/olabs_fs/js/Gettext.js]
[localhost/olabs/html5/template/olabs_fs/js/responsive.js]
[localhost/olabs/CHE/INC/prepare_a_colloidal_solution_of_sulphur/js/simcontrols.js]
[localhost/olabs/CHE/INC/prepare_a_colloidal_solution_of_sulphur/js/secondpage.js]
[localhost/olabs/CHE/INC/prepare_a_colloidal_solution_of_sulphur/js/help.js]
[localhost/olabs/CHE/INC/prepare_a_colloidal_solution_of_sulphur/js/QuestionExecutePackage.js]
[localhost/olabs/CHE/INC/prepare_a_colloidal_solution_of_sulphur/js/Gettext.js]
[localhost/olabs/CHE/INC/prepare_a_colloidal_solution_of_sulphur/images/BG.jpg]
[localhost/olabs/CHE/INC/prepare_a_colloidal_solution_of_sulphur/images/Bottle.png]
[localhost/olabs/CHE/INC/prepare_a_colloidal_solution_of_sulphur/images/ColloidalPagelabel.png]
[localhost/olabs/CHE/INC/prepare_a_colloidal_solution_of_sulphur/images/stand.png]
[localhost/olabs/CHE/INC/prepare_a_colloidal_solution_of_sulphur/images/standtop.png]
[localhost/olabs/CHE/INC/prepare_a_colloidal_solution_of_sulphur/images/nitricacid.png]
[localhost/olabs/CHE/INC/prepare_a_colloidal_solution_of_sulphur/images/water.png]
[localhost/olabs/CHE/INC/prepare_a_colloidal_solution_of_sulphur/images/TESTTUBE.png]
[localhost/olabs/CHE/INC/prepare_a_colloidal_solution_of_sulphur/images/halfmilky/1.png]
[localhost/olabs/CHE/INC/prepare_a_colloidal_solution_of_sulphur/images/milkywater.png]
[localhost/olabs/CHE/INC/prepare_a_colloidal_solution_of_sulphur/images/milkyDroptestubesolution.png]
[localhost/olabs/CHE/INC/prepare_a_colloidal_solution_of_sulphur/images/waterSpray.png]
[localhost/olabs/CHE/INC/prepare_a_colloidal_solution_of_sulphur/images/drop.png]
[localhost/olabs/CHE/INC/prepare_a_colloidal_solution_of_sulphur/images/A.png]
[localhost/olabs/CHE/INC/prepare_a_colloidal_solution_of_sulphur/images/kipapparatus.png]
[localhost/olabs/CHE/INC/prepare_a_colloidal_solution_of_sulphur/images/tap_open.png]
[localhost/olabs/CHE/INC/prepare_a_colloidal_solution_of_sulphur/images/tap.png]
[localhost/olabs/CHE/INC/prepare_a_colloidal_solution_of_sulphur/images/glassBottle.png]
[localhost/olabs/CHE/INC/prepare_a_colloidal_solution_of_sulphur/images/WaterinBottle.png]
[localhost/olabs/CHE/INC/prepare_a_colloidal_solution_of_sulphur/images/DROPER.png]
[localhost/olabs/CHE/INC/prepare_a_colloidal_solution_of_sulphur/images/DROPPERSOLUTIONBOTTOM.png]
[localhost/olabs/CHE/INC/prepare_a_colloidal_solution_of_sulphur/images/kipps.png]
[localhost/olabs/CHE/INC/prepare_a_colloidal_solution_of_sulphur/images/Arrow.png]
[localhost/olabs/CHE/INC/prepare_a_colloidal_solution_of_sulphur/images/H2Slabel.png]
[localhost/olabs/CHE/INC/prepare_a_colloidal_solution_of_sulphur/images/watchglass.png]
[localhost/olabs/CHE/INC/prepare_a_colloidal_solution_of_sulphur/images/chalkpowder.png]
[localhost/olabs/CHE/INC/prepare_a_colloidal_solution_of_sulphur/images/SPATULA.png]
[localhost/olabs/CHE/INC/prepare_a_colloidal_solution_of_sulphur/images/powderonspatula.png]
[localhost/olabs/CHE/INC/prepare_a_colloidal_solution_of_sulphur/images/B.png]
[localhost/olabs/CHE/INC/prepare_a_colloidal_solution_of_sulphur/images/C.png]
[localhost/olabs/CHE/INC/prepare_a_colloidal_solution_of_sulphur/images/TruePagesolution.png]
[localhost/olabs/CHE/INC/prepare_a_colloidal_solution_of_sulphur/images/SuspensionPagesolution.png]
[localhost/olabs/CHE/INC/prepare_a_colloidal_solution_of_sulphur/images/SALT.png]
[localhost/olabs/CHE/INC/prepare_a_colloidal_solution_of_sulphur/images/CHALKPOWDER2.png]
[localhost/olabs/CHE/INC/prepare_a_colloidal_solution_of_sulphur/images/threeStandBottom.png]
[localhost/olabs/CHE/INC/prepare_a_colloidal_solution_of_sulphur/images/threeStandtop.png]
[localhost/olabs/CHE/INC/prepare_a_colloidal_solution_of_sulphur/images/filterPaper.png]
[localhost/olabs/CHE/INC/prepare_a_colloidal_solution_of_sulphur/images/waterintesttube.png]
[localhost/olabs/CHE/INC/prepare_a_colloidal_solution_of_sulphur/images/Colloidal solution.png]
[localhost/olabs/CHE/INC/prepare_a_colloidal_solution_of_sulphur/images/True solution.png]
[localhost/olabs/CHE/INC/prepare_a_colloidal_solution_of_sulphur/images/halfwater.png]
[localhost/olabs/CHE/INC/prepare_a_colloidal_solution_of_sulphur/images/Suspension solution.png]
[localhost/olabs/CHE/INC/prepare_a_colloidal_solution_of_sulphur/images/FUNNEL.png]
[localhost/olabs/CHE/INC/prepare_a_colloidal_solution_of_sulphur/images/FILTER PAPER.png]
[localhost/olabs/CHE/INC/prepare_a_colloidal_solution_of_sulphur/images/FILTER PAPER ANIMATION/Filter paper ani 10001.png]
[localhost/olabs/CHE/INC/prepare_a_colloidal_solution_of_sulphur/images/FILTER PAPER ANIMATION/Filter paper ani 10002.png]
[localhost/olabs/CHE/INC/prepare_a_colloidal_solution_of_sulphur/images/FILTER PAPER ANIMATION/Filter paper ani 10003.png]
[localhost/olabs/CHE/INC/prepare_a_colloidal_solution_of_sulphur/images/FILTER PAPER ANIMATION/Filter paper ani 10004.png]
[localhost/olabs/CHE/INC/prepare_a_colloidal_solution_of_sulphur/images/FILTER PAPER ANIMATION/Filter paper ani 10005.png]
[localhost/olabs/CHE/INC/prepare_a_colloidal_solution_of_sulphur/images/FILTER PAPER ANIMATION/Filter paper ani 10006.png]
[localhost/olabs/CHE/INC/prepare_a_colloidal_solution_of_sulphur/images/FILTER PAPER ANIMATION/Filter paper ani 10007.png]
[localhost/olabs/CHE/INC/prepare_a_colloidal_solution_of_sulphur/images/FILTER PAPER ANIMATION/Filter paper ani 10008.png]
[localhost/olabs/CHE/INC/prepare_a_colloidal_solution_of_sulphur/images/FILTER PAPER ANIMATION/Filter paper ani 10009.png]
[localhost/olabs/CHE/INC/prepare_a_colloidal_solution_of_sulphur/images/FILTER PAPER ANIMATION/Filter paper ani 10010.png]
[localhost/olabs/CHE/INC/prepare_a_colloidal_solution_of_sulphur/images/FILTER PAPER ANIMATION/Filter paper ani 10011.png]
[localhost/olabs/CHE/INC/prepare_a_colloidal_solution_of_sulphur/images/FILTER PAPER ANIMATION/Filter paper ani 10012.png]
[localhost/olabs/CHE/INC/prepare_a_colloidal_solution_of_sulphur/images/FILTER PAPER ANIMATION/Filter paper ani 10013.png]
[localhost/olabs/CHE/INC/prepare_a_colloidal_solution_of_sulphur/images/FILTER PAPER ANIMATION/Filter paper ani 10014.png]
[localhost/olabs/CHE/INC/prepare_a_colloidal_solution_of_sulphur/images/FILTER PAPER ANIMATION/Filter paper ani 10015.png]
[localhost/olabs/CHE/INC/prepare_a_colloidal_solution_of_sulphur/images/FILTER PAPER ANIMATION/Filter paper ani 10016.png]
[localhost/olabs/CHE/INC/prepare_a_colloidal_solution_of_sulphur/images/FILTER PAPER ANIMATION/Filter paper ani 10017.png]
[localhost/olabs/CHE/INC/prepare_a_colloidal_solution_of_sulphur/images/FILTER PAPER ANIMATION/Filter paper ani 10018.png]
[localhost/olabs/CHE/INC/prepare_a_colloidal_solution_of_sulphur/images/FILTER PAPER ANIMATION/Filter paper ani 10019.png]
[localhost/olabs/CHE/INC/prepare_a_colloidal_solution_of_sulphur/images/FILTER PAPER ANIMATION/Filter paper ani 10020.png]
[localhost/olabs/CHE/INC/prepare_a_colloidal_solution_of_sulphur/images/FILTER PAPER ANIMATION/Filter paper ani 10021.png]
[localhost/olabs/CHE/INC/prepare_a_colloidal_solution_of_sulphur/images/FILTER PAPER ANIMATION/Filter paper ani 10022.png]
[localhost/olabs/CHE/INC/prepare_a_colloidal_solution_of_sulphur/images/FILTER PAPER ANIMATION/Filter paper ani 10023.png]
[localhost/olabs/CHE/INC/prepare_a_colloidal_solution_of_sulphur/images/FILTER PAPER ANIMATION/Filter paper ani 10024.png]
[localhost/olabs/CHE/INC/prepare_a_colloidal_solution_of_sulphur/images/FILTER PAPER ANIMATION/Filter paper ani 10025.png]
[localhost/olabs/CHE/INC/prepare_a_colloidal_solution_of_sulphur/images/FILTER PAPER ANIMATION/Filter paper ani 10026.png]
[localhost/olabs/CHE/INC/prepare_a_colloidal_solution_of_sulphur/images/FILTER PAPER ANIMATION/Filter paper ani 10027.png]
[localhost/olabs/CHE/INC/prepare_a_colloidal_solution_of_sulphur/images/FILTER PAPER ANIMATION/Filter paper ani 10028.png]
[localhost/olabs/CHE/INC/prepare_a_colloidal_solution_of_sulphur/images/FILTER PAPER ANIMATION/Filter paper ani 10029.png]
[localhost/olabs/CHE/INC/prepare_a_colloidal_solution_of_sulphur/images/FILTER PAPER ANIMATION/Filter paper ani 10030.png]
[localhost/olabs/CHE/INC/prepare_a_colloidal_solution_of_sulphur/images/NON FILTERED.png]
[localhost/olabs/CHE/INC/prepare_a_colloidal_solution_of_sulphur/images/FILTERED POWDER.png]
[localhost/olabs/CHE/INC/prepare_a_colloidal_solution_of_sulphur/images/inference.png]
[localhost/olabs/CHE/INC/prepare_a_colloidal_solution_of_sulphur/images/alert.png]
[localhost/olabs/html5/template/olabs_fs/images/dit_logo.gif]
[localhost/olabs/html5/index1f08.html]
[localhost/olabs/CHE/INC/shift_in_equilibrium_between_ferric_ions_and_thiocyanate_ions/js/simcontrols.js]
[localhost/olabs/CHE/INC/shift_in_equilibrium_between_ferric_ions_and_thiocyanate_ions/js/help.js]
[localhost/olabs/CHE/INC/shift_in_equilibrium_between_ferric_ions_and_thiocyanate_ions/js/QuestionExecutePackage.js]
[localhost/olabs/CHE/INC/shift_in_equilibrium_between_ferric_ions_and_thiocyanate_ions/js/Gettext.js]
[localhost/olabs/CHE/INC/shift_in_equilibrium_between_ferric_ions_and_thiocyanate_ions/images/GroupedFerric.png]
[localhost/olabs/CHE/INC/shift_in_equilibrium_between_ferric_ions_and_thiocyanate_ions/images/GroupedPottasium.png]
[localhost/olabs/CHE/INC/shift_in_equilibrium_between_ferric_ions_and_thiocyanate_ions/images/BG.jpg]
[localhost/olabs/CHE/INC/shift_in_equilibrium_between_ferric_ions_and_thiocyanate_ions/images/BEAKER.png]
[localhost/olabs/CHE/INC/shift_in_equilibrium_between_ferric_ions_and_thiocyanate_ions/images/FERRICCHLORIDE_NEW.png]
[localhost/olabs/CHE/INC/shift_in_equilibrium_between_ferric_ions_and_thiocyanate_ions/images/FERRICCHLORIDEPORING.png]
[localhost/olabs/CHE/INC/shift_in_equilibrium_between_ferric_ions_and_thiocyanate_ions/images/FERRICCHLORIDEPOWDER.png]
[localhost/olabs/CHE/INC/shift_in_equilibrium_between_ferric_ions_and_thiocyanate_ions/images/FERRICHLORIDEAnim/feric2.png]
[localhost/olabs/CHE/INC/shift_in_equilibrium_between_ferric_ions_and_thiocyanate_ions/images/FERRICHLORIDEAnim/feric3.png]
[localhost/olabs/CHE/INC/shift_in_equilibrium_between_ferric_ions_and_thiocyanate_ions/images/FERRICHLORIDEAnim/feric4.png]
[localhost/olabs/CHE/INC/shift_in_equilibrium_between_ferric_ions_and_thiocyanate_ions/images/FERRICHLORIDEAnim/feric5.png]
[localhost/olabs/CHE/INC/shift_in_equilibrium_between_ferric_ions_and_thiocyanate_ions/images/WATER.png]
[localhost/olabs/CHE/INC/shift_in_equilibrium_between_ferric_ions_and_thiocyanate_ions/images/POTASSIUMPORING.png]
[localhost/olabs/CHE/INC/shift_in_equilibrium_between_ferric_ions_and_thiocyanate_ions/images/POTASSIUM.png]
[localhost/olabs/CHE/INC/shift_in_equilibrium_between_ferric_ions_and_thiocyanate_ions/images/POTASSIUMAnim/pottasium2.png]
[localhost/olabs/CHE/INC/shift_in_equilibrium_between_ferric_ions_and_thiocyanate_ions/images/POTASSIUMAnim/pottasium3.png]
[localhost/olabs/CHE/INC/shift_in_equilibrium_between_ferric_ions_and_thiocyanate_ions/images/POTASSIUMAnim/pottasium4.png]
[localhost/olabs/CHE/INC/shift_in_equilibrium_between_ferric_ions_and_thiocyanate_ions/images/POTASSIUMAnim/pottasium5.png]
[localhost/olabs/CHE/INC/shift_in_equilibrium_between_ferric_ions_and_thiocyanate_ions/images/REDCOLORSOLUTION.png]
[localhost/olabs/CHE/INC/shift_in_equilibrium_between_ferric_ions_and_thiocyanate_ions/images/pottasiumtoBeaker.png]
[localhost/olabs/CHE/INC/shift_in_equilibrium_between_ferric_ions_and_thiocyanate_ions/images/ferrictoBeaker.png]
[localhost/olabs/CHE/INC/shift_in_equilibrium_between_ferric_ions_and_thiocyanate_ions/images/WATERAnim/Water2.png]
[localhost/olabs/CHE/INC/shift_in_equilibrium_between_ferric_ions_and_thiocyanate_ions/images/WATERAnim/Water3.png]
[localhost/olabs/CHE/INC/shift_in_equilibrium_between_ferric_ions_and_thiocyanate_ions/images/WATERAnim/Water4.png]
[localhost/olabs/CHE/INC/shift_in_equilibrium_between_ferric_ions_and_thiocyanate_ions/images/WATERAnim/Water5.png]
[localhost/olabs/CHE/INC/shift_in_equilibrium_between_ferric_ions_and_thiocyanate_ions/images/watchglass.png]
[localhost/olabs/CHE/INC/shift_in_equilibrium_between_ferric_ions_and_thiocyanate_ions/images/SPATULA.png]
[localhost/olabs/CHE/INC/shift_in_equilibrium_between_ferric_ions_and_thiocyanate_ions/images/FERRICHLORIDEINSPATULA.png]
[localhost/olabs/CHE/INC/shift_in_equilibrium_between_ferric_ions_and_thiocyanate_ions/images/POTASSIUMINSPATULA.png]
[localhost/olabs/CHE/INC/shift_in_equilibrium_between_ferric_ions_and_thiocyanate_ions/images/A.png]
[localhost/olabs/CHE/INC/shift_in_equilibrium_between_ferric_ions_and_thiocyanate_ions/images/B.png]
[localhost/olabs/CHE/INC/shift_in_equilibrium_between_ferric_ions_and_thiocyanate_ions/images/C.png]
[localhost/olabs/CHE/INC/shift_in_equilibrium_between_ferric_ions_and_thiocyanate_ions/images/waterlabel.png]
[localhost/olabs/CHE/INC/shift_in_equilibrium_between_ferric_ions_and_thiocyanate_ions/images/GLASSROD.png]
[localhost/olabs/CHE/INC/shift_in_equilibrium_between_ferric_ions_and_thiocyanate_ions/images/BURETTESTAND.png]
[localhost/olabs/CHE/INC/shift_in_equilibrium_between_ferric_ions_and_thiocyanate_ions/images/STANDHOLDER.png]
[localhost/olabs/CHE/INC/shift_in_equilibrium_between_ferric_ions_and_thiocyanate_ions/images/BURETTE.png]
[localhost/olabs/CHE/INC/shift_in_equilibrium_between_ferric_ions_and_thiocyanate_ions/images/BuretteSolution/FERRICCHLORIDEONBURETTE.png]
[localhost/olabs/CHE/INC/shift_in_equilibrium_between_ferric_ions_and_thiocyanate_ions/images/BuretteSolution/WATERONBURETTE.png]
[localhost/olabs/CHE/INC/shift_in_equilibrium_between_ferric_ions_and_thiocyanate_ions/images/BuretteSolution/REDCOLORSOLUTIONONBURETTE.png]
[localhost/olabs/CHE/INC/shift_in_equilibrium_between_ferric_ions_and_thiocyanate_ions/images/RedsolutionPour.png]
[localhost/olabs/CHE/INC/shift_in_equilibrium_between_ferric_ions_and_thiocyanate_ions/images/1.png]
[localhost/olabs/CHE/INC/shift_in_equilibrium_between_ferric_ions_and_thiocyanate_ions/images/2.png]
[localhost/olabs/CHE/INC/shift_in_equilibrium_between_ferric_ions_and_thiocyanate_ions/images/3.png]
[localhost/olabs/CHE/INC/shift_in_equilibrium_between_ferric_ions_and_thiocyanate_ions/images/4.png]
[localhost/olabs/CHE/INC/shift_in_equilibrium_between_ferric_ions_and_thiocyanate_ions/images/fecl.png]
[localhost/olabs/CHE/INC/shift_in_equilibrium_between_ferric_ions_and_thiocyanate_ions/images/KscnSolLAbel.png]
[localhost/olabs/CHE/INC/shift_in_equilibrium_between_ferric_ions_and_thiocyanate_ions/images/ResolLabel.png]
[localhost/olabs/CHE/INC/shift_in_equilibrium_between_ferric_ions_and_thiocyanate_ions/images/FERRICCHLORIDEOPEN.png]
[localhost/olabs/CHE/INC/shift_in_equilibrium_between_ferric_ions_and_thiocyanate_ions/images/BURETTEBUTTEN.png]
[localhost/olabs/CHE/INC/shift_in_equilibrium_between_ferric_ions_and_thiocyanate_ions/images/ThewaterOpenImg.png]
[localhost/olabs/CHE/INC/shift_in_equilibrium_between_ferric_ions_and_thiocyanate_ions/images/REDCOLORSOLUTIONOPEN.png]
[localhost/olabs/CHE/INC/shift_in_equilibrium_between_ferric_ions_and_thiocyanate_ions/images/TESTTUBESTAND.png]
[localhost/olabs/CHE/INC/shift_in_equilibrium_between_ferric_ions_and_thiocyanate_ions/images/TESTTUBESTANDFRONT.png]
[localhost/olabs/CHE/INC/shift_in_equilibrium_between_ferric_ions_and_thiocyanate_ions/images/TESTTUBE.png]
[localhost/olabs/CHE/INC/shift_in_equilibrium_between_ferric_ions_and_thiocyanate_ions/images/TESTTUBESol/REDCOLORSOLUTIONSol.png]
[localhost/olabs/CHE/INC/shift_in_equilibrium_between_ferric_ions_and_thiocyanate_ions/images/FinalSolTransparency.png]
[localhost/olabs/CHE/INC/shift_in_equilibrium_between_ferric_ions_and_thiocyanate_ions/images/TESTTUBESol/FERRICCHLORIDESol.png]
[localhost/olabs/CHE/INC/shift_in_equilibrium_between_ferric_ions_and_thiocyanate_ions/images/FinalRedsol.png]
[localhost/olabs/CHE/INC/shift_in_equilibrium_between_ferric_ions_and_thiocyanate_ions/images/D.png]
[localhost/olabs/CHE/INC/shift_in_equilibrium_between_ferric_ions_and_thiocyanate_ions/images/E.png]
[localhost/olabs/CHE/INC/shift_in_equilibrium_between_ferric_ions_and_thiocyanate_ions/images/alert.png]
[localhost/olabs/CHE/INC/shift_in_equilibrium_between_ferric_ions_and_thiocyanate_ions/images/inference.png]
[localhost/olabs/CHE/INC/shift_in_equilibrium_between_ferric_ions_and_thiocyanate_ions/images/Equation/FirstEquation.png]
[localhost/olabs/CHE/INC/shift_in_equilibrium_between_ferric_ions_and_thiocyanate_ions/images/Equation/SecondEquation.png]
[localhost/olabs/html5/index027b.html]
[localhost/olabs/CHE/ANC/Shift_in_equilibrium_cobalt(II)_hexahydrated_ion_and_chloride_ion/js/help.js]
[localhost/olabs/CHE/ANC/Shift_in_equilibrium_cobalt(II)_hexahydrated_ion_and_chloride_ion/js/simcontrols.js]
[localhost/olabs/CHE/ANC/Shift_in_equilibrium_cobalt(II)_hexahydrated_ion_and_chloride_ion/js/finalJS.js]
[localhost/olabs/CHE/ANC/Shift_in_equilibrium_cobalt(II)_hexahydrated_ion_and_chloride_ion/js/QuestionExecutePackage.js]
[localhost/olabs/CHE/ANC/Shift_in_equilibrium_cobalt(II)_hexahydrated_ion_and_chloride_ion/js/Gettext.js]
[localhost/olabs/CHE/ANC/Shift_in_equilibrium_cobalt(II)_hexahydrated_ion_and_chloride_ion/images/BG1.png]
[localhost/olabs/CHE/ANC/Shift_in_equilibrium_cobalt(II)_hexahydrated_ion_and_chloride_ion/images/TESTTUBESTAND.png]
[localhost/olabs/CHE/ANC/Shift_in_equilibrium_cobalt(II)_hexahydrated_ion_and_chloride_ion/images/TesttubeBlueSoln.png]
[localhost/olabs/CHE/ANC/Shift_in_equilibrium_cobalt(II)_hexahydrated_ion_and_chloride_ion/images/blue_to_pink/49.png]
[localhost/olabs/CHE/ANC/Shift_in_equilibrium_cobalt(II)_hexahydrated_ion_and_chloride_ion/images/test.png]
[localhost/olabs/CHE/ANC/Shift_in_equilibrium_cobalt(II)_hexahydrated_ion_and_chloride_ion/images/TESTTUBESTANDFRONT.png]
[localhost/olabs/CHE/ANC/Shift_in_equilibrium_cobalt(II)_hexahydrated_ion_and_chloride_ion/images/CC-text.png]
[localhost/olabs/CHE/ANC/Shift_in_equilibrium_cobalt(II)_hexahydrated_ion_and_chloride_ion/images/dw-text.png]
[localhost/olabs/CHE/ANC/Shift_in_equilibrium_cobalt(II)_hexahydrated_ion_and_chloride_ion/images/conicalflasktiltsolution.png]
[localhost/olabs/CHE/ANC/Shift_in_equilibrium_cobalt(II)_hexahydrated_ion_and_chloride_ion/images/conicalflaskwithwater.png]
[localhost/olabs/CHE/ANC/Shift_in_equilibrium_cobalt(II)_hexahydrated_ion_and_chloride_ion/images/Cobalt-Chloride.png]
[localhost/olabs/CHE/ANC/Shift_in_equilibrium_cobalt(II)_hexahydrated_ion_and_chloride_ion/images/100mlwater.png]
[localhost/olabs/CHE/ANC/Shift_in_equilibrium_cobalt(II)_hexahydrated_ion_and_chloride_ion/images/watertilted.png]
[localhost/olabs/CHE/ANC/Shift_in_equilibrium_cobalt(II)_hexahydrated_ion_and_chloride_ion/images/Distilled-water.png]
[localhost/olabs/CHE/ANC/Shift_in_equilibrium_cobalt(II)_hexahydrated_ion_and_chloride_ion/images/acetone.png]
[localhost/olabs/CHE/ANC/Shift_in_equilibrium_cobalt(II)_hexahydrated_ion_and_chloride_ion/images/Acetone_Cap.png]
[localhost/olabs/CHE/ANC/Shift_in_equilibrium_cobalt(II)_hexahydrated_ion_and_chloride_ion/images/alert.png]
[localhost/olabs/CHE/ANC/Shift_in_equilibrium_cobalt(II)_hexahydrated_ion_and_chloride_ion/images/A.png]
[localhost/olabs/CHE/ANC/Shift_in_equilibrium_cobalt(II)_hexahydrated_ion_and_chloride_ion/images/B.png]
[localhost/olabs/CHE/ANC/Shift_in_equilibrium_cobalt(II)_hexahydrated_ion_and_chloride_ion/images/C.png]
[localhost/olabs/CHE/ANC/Shift_in_equilibrium_cobalt(II)_hexahydrated_ion_and_chloride_ion/images/D.png]
[localhost/olabs/CHE/ANC/Shift_in_equilibrium_cobalt(II)_hexahydrated_ion_and_chloride_ion/images/E.png]
[localhost/olabs/CHE/ANC/Shift_in_equilibrium_cobalt(II)_hexahydrated_ion_and_chloride_ion/images/Inference.png]
[localhost/olabs/CHE/ANC/Shift_in_equilibrium_cobalt(II)_hexahydrated_ion_and_chloride_ion/images/test-stand-back.png]
[localhost/olabs/CHE/ANC/Shift_in_equilibrium_cobalt(II)_hexahydrated_ion_and_chloride_ion/images/blue_to_pink/1.png]
[localhost/olabs/CHE/ANC/Shift_in_equilibrium_cobalt(II)_hexahydrated_ion_and_chloride_ion/images/Pink_Slant.png]
[localhost/olabs/CHE/ANC/Shift_in_equilibrium_cobalt(II)_hexahydrated_ion_and_chloride_ion/images/X.png]
[localhost/olabs/CHE/ANC/Shift_in_equilibrium_cobalt(II)_hexahydrated_ion_and_chloride_ion/images/test-stand-front.png]
[localhost/olabs/CHE/ANC/Shift_in_equilibrium_cobalt(II)_hexahydrated_ion_and_chloride_ion/images/test-stand-front1.png]
[localhost/olabs/CHE/ANC/Shift_in_equilibrium_cobalt(II)_hexahydrated_ion_and_chloride_ion/images/hcl-text.png]
[localhost/olabs/html5/index5f82.html]
[localhost/olabs/CHE/ANC/Shift_in_equilibrium_cobalt(II)_hexahydrated_ion_and_chloride_ion/images/eqn2.png]
[localhost/olabs/CHE/INC/Process_of_Evaporation/js/help.js]
[localhost/olabs/CHE/INC/Process_of_Evaporation/js/simcontrols.js]
[localhost/olabs/CHE/INC/Process_of_Evaporation/js/Gettext.js]
[localhost/olabs/CHE/INC/Process_of_Evaporation/images/BG.png]
[localhost/olabs/CHE/INC/Process_of_Evaporation/images/beaker.png]
[localhost/olabs/CHE/INC/Process_of_Evaporation/images/waterTop.png]
[localhost/olabs/CHE/INC/Process_of_Evaporation/images/waterrotate.png]
[localhost/olabs/CHE/INC/Process_of_Evaporation/images/pourline.png]
[localhost/olabs/CHE/INC/Process_of_Evaporation/images/burners.png]
[localhost/olabs/CHE/INC/Process_of_Evaporation/images/TriStand.png]
[localhost/olabs/CHE/INC/Process_of_Evaporation/images/BurnerOn.png]
[localhost/olabs/CHE/INC/Process_of_Evaporation/images/BurnerOn1.png]
[localhost/olabs/CHE/INC/Process_of_Evaporation/images/CHINADISH.png]
[localhost/olabs/CHE/INC/Process_of_Evaporation/images/Inference.png]
[localhost/olabs/CHE/INC/Process_of_Evaporation/images/alertimg.png]
[localhost/olabs/CHE/INC/Process_of_Evaporation/images/SPIRITBOTTLE.png]
[localhost/olabs/CHE/INC/Process_of_Evaporation/images/SPIRITBOTTLECAP.png]
[localhost/olabs/CHE/INC/Process_of_Evaporation/images/blackBoard.png]
[localhost/olabs/html5/index3682.html]
[localhost/olabs/CHE/INC/Enthalpy_Change_for_the_Interaction_between_Acetone_and_Chloroform/js/help.js]
[localhost/olabs/CHE/INC/Enthalpy_Change_for_the_Interaction_between_Acetone_and_Chloroform/js/simcontrols.js]
[localhost/olabs/CHE/INC/Enthalpy_Change_for_the_Interaction_between_Acetone_and_Chloroform/js/Gettext.js]
[localhost/olabs/CHE/INC/Enthalpy_Change_for_the_Interaction_between_Acetone_and_Chloroform/images/bg1.png]
[localhost/olabs/CHE/INC/Enthalpy_Change_for_the_Interaction_between_Acetone_and_Chloroform/images/Calorimeter.png]
[localhost/olabs/CHE/INC/Enthalpy_Change_for_the_Interaction_between_Acetone_and_Chloroform/images/GlassboxWater.png]
[localhost/olabs/CHE/INC/Enthalpy_Change_for_the_Interaction_between_Acetone_and_Chloroform/images/BottleLabel.png]
[localhost/olabs/CHE/INC/Enthalpy_Change_for_the_Interaction_between_Acetone_and_Chloroform/images/CaloriCaptopBack.png]
[localhost/olabs/CHE/INC/Enthalpy_Change_for_the_Interaction_between_Acetone_and_Chloroform/images/CaloriCaptopFront.png]
[localhost/olabs/CHE/INC/Enthalpy_Change_for_the_Interaction_between_Acetone_and_Chloroform/images/Thermometer.png]
[localhost/olabs/CHE/INC/Enthalpy_Change_for_the_Interaction_between_Acetone_and_Chloroform/images/calorimeterStirrer.png]
[localhost/olabs/CHE/INC/Enthalpy_Change_for_the_Interaction_between_Acetone_and_Chloroform/images/Beaker.png]
[localhost/olabs/CHE/INC/Enthalpy_Change_for_the_Interaction_between_Acetone_and_Chloroform/images/waterInBeaker.png]
[localhost/olabs/CHE/INC/Enthalpy_Change_for_the_Interaction_between_Acetone_and_Chloroform/images/watertilted.png]
[localhost/olabs/CHE/INC/Enthalpy_Change_for_the_Interaction_between_Acetone_and_Chloroform/images/Page1Label.png]
[localhost/olabs/CHE/INC/Enthalpy_Change_for_the_Interaction_between_Acetone_and_Chloroform/images/AlertIcon.png]
[localhost/olabs/CHE/INC/Enthalpy_Change_for_the_Interaction_between_Acetone_and_Chloroform/images/pourline1.png]
[localhost/olabs/CHE/INC/Enthalpy_Change_for_the_Interaction_between_Acetone_and_Chloroform/images/equationW.png]
[localhost/olabs/CHE/INC/Enthalpy_Change_for_the_Interaction_between_Acetone_and_Chloroform/images/bg.png]
[localhost/olabs/CHE/INC/Enthalpy_Change_for_the_Interaction_between_Acetone_and_Chloroform/images/Beaker1Label.png]
[localhost/olabs/CHE/INC/Enthalpy_Change_for_the_Interaction_between_Acetone_and_Chloroform/images/Beaker2Label.png]
[localhost/olabs/CHE/INC/Enthalpy_Change_for_the_Interaction_between_Acetone_and_Chloroform/images/Chloroform.png]
[localhost/olabs/CHE/INC/Enthalpy_Change_for_the_Interaction_between_Acetone_and_Chloroform/images/BottleTop.png]
[localhost/olabs/CHE/INC/Enthalpy_Change_for_the_Interaction_between_Acetone_and_Chloroform/images/BottleCap.png]
[localhost/olabs/CHE/INC/Enthalpy_Change_for_the_Interaction_between_Acetone_and_Chloroform/images/Acetone.png]
[localhost/olabs/CHE/INC/Enthalpy_Change_for_the_Interaction_between_Acetone_and_Chloroform/images/measuring_cylinder.png]
[localhost/olabs/CHE/INC/Enthalpy_Change_for_the_Interaction_between_Acetone_and_Chloroform/images/cylinderWater.png]
[localhost/olabs/CHE/INC/Enthalpy_Change_for_the_Interaction_between_Acetone_and_Chloroform/images/measuringWaterSlant.png]
[localhost/olabs/html5/index7016.html]
[localhost/olabs/CHE/INC/Study_the_Process_of_Filtration/js/simcontrols.js]
[localhost/olabs/CHE/INC/Study_the_Process_of_Filtration/js/help.js]
[localhost/olabs/CHE/INC/Study_the_Process_of_Filtration/js/QuestionExecutePackage.js]
[localhost/olabs/CHE/INC/Study_the_Process_of_Filtration/js/Gettext.js]
[localhost/olabs/CHE/INC/Study_the_Process_of_Filtration/images/BG.jpg]
[localhost/olabs/CHE/INC/Study_the_Process_of_Filtration/images/Funnel Stand.png]
[localhost/olabs/CHE/INC/Study_the_Process_of_Filtration/images/Funnel Stand 1.png]
[localhost/olabs/CHE/INC/Study_the_Process_of_Filtration/images/BEAKER.png]
[localhost/olabs/CHE/INC/Study_the_Process_of_Filtration/images/WaterInbeaker.png]
[localhost/olabs/CHE/INC/Study_the_Process_of_Filtration/images/water splash/1.png]
[localhost/olabs/CHE/INC/Study_the_Process_of_Filtration/images/water splash/2.png]
[localhost/olabs/CHE/INC/Study_the_Process_of_Filtration/images/water splash/3.png]
[localhost/olabs/CHE/INC/Study_the_Process_of_Filtration/images/water splash/4.png]
[localhost/olabs/CHE/INC/Study_the_Process_of_Filtration/images/FUNNEL.png]
[localhost/olabs/CHE/INC/Study_the_Process_of_Filtration/images/Filter paper/Symbol 10061.png]
[localhost/olabs/CHE/INC/Study_the_Process_of_Filtration/images/BLACK DOT.png]
[localhost/olabs/CHE/INC/Study_the_Process_of_Filtration/images/Funnel front.png]
[localhost/olabs/CHE/INC/Study_the_Process_of_Filtration/images/BEAKERSOL.png]
[localhost/olabs/CHE/INC/Study_the_Process_of_Filtration/images/Tripod front.png]
[localhost/olabs/CHE/INC/Study_the_Process_of_Filtration/images/tripodBack.png]
[localhost/olabs/CHE/INC/Study_the_Process_of_Filtration/images/Bottle.png]
[localhost/olabs/CHE/INC/Study_the_Process_of_Filtration/images/filterpaperboxopen.png]
[localhost/olabs/CHE/INC/Study_the_Process_of_Filtration/images/filterpaperboxclose.png]
[localhost/olabs/CHE/INC/Study_the_Process_of_Filtration/images/Filter paper/Symbol 10001.png]
[localhost/olabs/CHE/INC/Study_the_Process_of_Filtration/images/Filter paper/Symbol 10012.png]
[localhost/olabs/CHE/INC/Study_the_Process_of_Filtration/images/Filter paper/Symbol 10013.png]
[localhost/olabs/CHE/INC/Study_the_Process_of_Filtration/images/Filter paper/Symbol 10015.png]
[localhost/olabs/CHE/INC/Study_the_Process_of_Filtration/images/Filter paper/Symbol 10017.png]
[localhost/olabs/CHE/INC/Study_the_Process_of_Filtration/images/Filter paper/Symbol 10019.png]
[localhost/olabs/CHE/INC/Study_the_Process_of_Filtration/images/Filter paper/Symbol 10021.png]
[localhost/olabs/CHE/INC/Study_the_Process_of_Filtration/images/Filter paper/Symbol 10023.png]
[localhost/olabs/CHE/INC/Study_the_Process_of_Filtration/images/Filter paper/Symbol 10025.png]
[localhost/olabs/CHE/INC/Study_the_Process_of_Filtration/images/Filter paper/Symbol 10027.png]
[localhost/olabs/CHE/INC/Study_the_Process_of_Filtration/images/Filter paper/Symbol 10029.png]
[localhost/olabs/CHE/INC/Study_the_Process_of_Filtration/images/Filter paper/Symbol 10031.png]
[localhost/olabs/CHE/INC/Study_the_Process_of_Filtration/images/Filter paper/Symbol 10033.png]
[localhost/olabs/CHE/INC/Study_the_Process_of_Filtration/images/Filter paper/Symbol 10035.png]
[localhost/olabs/CHE/INC/Study_the_Process_of_Filtration/images/Filter paper/Symbol 10037.png]
[localhost/olabs/CHE/INC/Study_the_Process_of_Filtration/images/Filter paper/Symbol 10039.png]
[localhost/olabs/CHE/INC/Study_the_Process_of_Filtration/images/Filter paper/Symbol 10041.png]
[localhost/olabs/CHE/INC/Study_the_Process_of_Filtration/images/Filter paper/Symbol 10043.png]
[localhost/olabs/CHE/INC/Study_the_Process_of_Filtration/images/Filter paper/Symbol 10045.png]
[localhost/olabs/CHE/INC/Study_the_Process_of_Filtration/images/Filter paper/Symbol 10049.png]
[localhost/olabs/CHE/INC/Study_the_Process_of_Filtration/images/Filter paper/Symbol 10051.png]
[localhost/olabs/CHE/INC/Study_the_Process_of_Filtration/images/Filter paper/Symbol 10055.png]
[localhost/olabs/CHE/INC/Study_the_Process_of_Filtration/images/Filter paper/Symbol 10057.png]
[localhost/olabs/CHE/INC/Study_the_Process_of_Filtration/images/Filter paper/Symbol 10059.png]
[localhost/olabs/CHE/INC/Study_the_Process_of_Filtration/images/FILTER PAPER.png]
[localhost/olabs/CHE/INC/Study_the_Process_of_Filtration/images/FrontFilterpaper.png]
[localhost/olabs/CHE/INC/Study_the_Process_of_Filtration/images/drop.png]
[localhost/olabs/CHE/INC/Study_the_Process_of_Filtration/images/FILTERPAPER UPPER IMAGE.png]
[localhost/olabs/CHE/INC/Study_the_Process_of_Filtration/images/waterlabel.png]
[localhost/olabs/CHE/INC/Study_the_Process_of_Filtration/images/Muddylabel.png]
[localhost/olabs/CHE/INC/Study_the_Process_of_Filtration/images/inference.png]
[localhost/olabs/html5/indexd3a2.html]
[localhost/olabs/CHE/INC/Study_the_Process_of_Filtration/images/alert.png]
[localhost/olabs/CHE/ANC/Study_of_gases_readily_compressible_and_liquids_are_not/js/help.js]
[localhost/olabs/CHE/ANC/Study_of_gases_readily_compressible_and_liquids_are_not/js/simcontrols.js]
[localhost/olabs/CHE/ANC/Study_of_gases_readily_compressible_and_liquids_are_not/js/Gettext.js]
[localhost/olabs/CHE/ANC/Study_of_gases_readily_compressible_and_liquids_are_not/images/BG1.jpg]
[localhost/olabs/CHE/ANC/Study_of_gases_readily_compressible_and_liquids_are_not/images/BG.png]
[localhost/olabs/CHE/ANC/Study_of_gases_readily_compressible_and_liquids_are_not/images/Inference.png]
[localhost/olabs/CHE/ANC/Study_of_gases_readily_compressible_and_liquids_are_not/images/piston.png]
[localhost/olabs/CHE/ANC/Study_of_gases_readily_compressible_and_liquids_are_not/images/syringe.png]
[localhost/olabs/CHE/ANC/Study_of_gases_readily_compressible_and_liquids_are_not/images/WaterPulling/31.png]
[localhost/olabs/CHE/ANC/Study_of_gases_readily_compressible_and_liquids_are_not/images/WaterPushing/40.png]
[localhost/olabs/CHE/ANC/Study_of_gases_readily_compressible_and_liquids_are_not/images/Beaker.png]
[localhost/olabs/CHE/ANC/Study_of_gases_readily_compressible_and_liquids_are_not/images/100mlwater.png]
[localhost/olabs/CHE/ANC/Study_of_gases_readily_compressible_and_liquids_are_not/images/waterLabel.png]
[localhost/olabs/CHE/ANC/Study_of_gases_readily_compressible_and_liquids_are_not/images/syringeLabel.png]
[localhost/olabs/CHE/ANC/Study_of_gases_readily_compressible_and_liquids_are_not/images/ZoomWater.png]
[localhost/olabs/CHE/ANC/Study_of_gases_readily_compressible_and_liquids_are_not/images/OilPulling/31.png]
[localhost/olabs/CHE/ANC/Study_of_gases_readily_compressible_and_liquids_are_not/images/OilClosing/13.png]
[localhost/olabs/CHE/ANC/Study_of_gases_readily_compressible_and_liquids_are_not/images/oil.png]
[localhost/olabs/CHE/ANC/Study_of_gases_readily_compressible_and_liquids_are_not/images/oilLabel.png]
[localhost/olabs/CHE/ANC/Study_of_gases_readily_compressible_and_liquids_are_not/images/ZoomOil.png]
[localhost/olabs/CHE/ANC/Study_of_gases_readily_compressible_and_liquids_are_not/images/ZoomAir.png]
[localhost/olabs/CHE/ANC/Study_of_gases_readily_compressible_and_liquids_are_not/images/AIR_5.png]
[localhost/olabs/CHE/ANC/Study_of_gases_readily_compressible_and_liquids_are_not/images/AirPulling/31.png]
[localhost/olabs/CHE/ANC/Study_of_gases_readily_compressible_and_liquids_are_not/images/AirClosing/13.png]
[localhost/olabs/html5/index3678.html]
[localhost/olabs/CHE/ANC/ReactionOfMetalswithWaterUnderDifferentTemperatureConditions/js/help.js]
[localhost/olabs/CHE/ANC/ReactionOfMetalswithWaterUnderDifferentTemperatureConditions/js/simcontrols.js]
[localhost/olabs/CHE/ANC/ReactionOfMetalswithWaterUnderDifferentTemperatureConditions/js/Gettext.js]
[localhost/olabs/CHE/ANC/ReactionOfMetalswithWaterUnderDifferentTemperatureConditions/images/bg.png]
[localhost/olabs/CHE/ANC/ReactionOfMetalswithWaterUnderDifferentTemperatureConditions/images/A.png]
[localhost/olabs/CHE/ANC/ReactionOfMetalswithWaterUnderDifferentTemperatureConditions/images/spatula.png]
[localhost/olabs/CHE/ANC/ReactionOfMetalswithWaterUnderDifferentTemperatureConditions/images/SodiumTemp1.png]
[localhost/olabs/CHE/ANC/ReactionOfMetalswithWaterUnderDifferentTemperatureConditions/images/MegTemp1.png]
[localhost/olabs/CHE/ANC/ReactionOfMetalswithWaterUnderDifferentTemperatureConditions/images/ZincTemp1.png]
[localhost/olabs/CHE/ANC/ReactionOfMetalswithWaterUnderDifferentTemperatureConditions/images/LeadTemp1.png]
[localhost/olabs/CHE/ANC/ReactionOfMetalswithWaterUnderDifferentTemperatureConditions/images/IronTemp1.png]
[localhost/olabs/CHE/ANC/ReactionOfMetalswithWaterUnderDifferentTemperatureConditions/images/AluTemp1.png]
[localhost/olabs/CHE/ANC/ReactionOfMetalswithWaterUnderDifferentTemperatureConditions/images/CopperTemp1.png]
[localhost/olabs/CHE/ANC/ReactionOfMetalswithWaterUnderDifferentTemperatureConditions/images/circule.png]
[localhost/olabs/CHE/ANC/ReactionOfMetalswithWaterUnderDifferentTemperatureConditions/images/water.png]
[localhost/olabs/CHE/ANC/ReactionOfMetalswithWaterUnderDifferentTemperatureConditions/images/tubeStandBack.png]
[localhost/olabs/CHE/ANC/ReactionOfMetalswithWaterUnderDifferentTemperatureConditions/images/testTube.png]
[localhost/olabs/CHE/ANC/ReactionOfMetalswithWaterUnderDifferentTemperatureConditions/images/tubeStandFront.png]
[localhost/olabs/CHE/ANC/ReactionOfMetalswithWaterUnderDifferentTemperatureConditions/images/B.png]
[localhost/olabs/CHE/ANC/ReactionOfMetalswithWaterUnderDifferentTemperatureConditions/images/C.png]
[localhost/olabs/CHE/ANC/ReactionOfMetalswithWaterUnderDifferentTemperatureConditions/images/D.png]
[localhost/olabs/CHE/ANC/ReactionOfMetalswithWaterUnderDifferentTemperatureConditions/images/E.png]
[localhost/olabs/CHE/ANC/ReactionOfMetalswithWaterUnderDifferentTemperatureConditions/images/F.png]
[localhost/olabs/CHE/ANC/ReactionOfMetalswithWaterUnderDifferentTemperatureConditions/images/G.png]
[localhost/olabs/CHE/ANC/ReactionOfMetalswithWaterUnderDifferentTemperatureConditions/images/sodiumCryst.png]
[localhost/olabs/CHE/ANC/ReactionOfMetalswithWaterUnderDifferentTemperatureConditions/images/magnesiumCryst.png]
[localhost/olabs/CHE/ANC/ReactionOfMetalswithWaterUnderDifferentTemperatureConditions/images/zincCryst.png]
[localhost/olabs/CHE/ANC/ReactionOfMetalswithWaterUnderDifferentTemperatureConditions/images/leadCryst.png]
[localhost/olabs/CHE/ANC/ReactionOfMetalswithWaterUnderDifferentTemperatureConditions/images/iornCryst.png]
[localhost/olabs/CHE/ANC/ReactionOfMetalswithWaterUnderDifferentTemperatureConditions/images/aluminiumCryst.png]
[localhost/olabs/CHE/ANC/ReactionOfMetalswithWaterUnderDifferentTemperatureConditions/images/copperCryst.png]
[localhost/olabs/CHE/ANC/ReactionOfMetalswithWaterUnderDifferentTemperatureConditions/images/sodium.png]
[localhost/olabs/CHE/ANC/ReactionOfMetalswithWaterUnderDifferentTemperatureConditions/images/magnesium.png]
[localhost/olabs/CHE/ANC/ReactionOfMetalswithWaterUnderDifferentTemperatureConditions/images/zinc.png]
[localhost/olabs/CHE/ANC/ReactionOfMetalswithWaterUnderDifferentTemperatureConditions/images/lead.png]
[localhost/olabs/CHE/ANC/ReactionOfMetalswithWaterUnderDifferentTemperatureConditions/images/iorn.png]
[localhost/olabs/CHE/ANC/ReactionOfMetalswithWaterUnderDifferentTemperatureConditions/images/aluminium.png]
[localhost/olabs/CHE/ANC/ReactionOfMetalswithWaterUnderDifferentTemperatureConditions/images/copper.png]
[localhost/olabs/CHE/ANC/ReactionOfMetalswithWaterUnderDifferentTemperatureConditions/images/TriStand.png]
[localhost/olabs/CHE/ANC/ReactionOfMetalswithWaterUnderDifferentTemperatureConditions/images/burner.png]
[localhost/olabs/CHE/ANC/ReactionOfMetalswithWaterUnderDifferentTemperatureConditions/images/beaker.png]
[localhost/olabs/CHE/ANC/ReactionOfMetalswithWaterUnderDifferentTemperatureConditions/images/beakerOne.png]
[localhost/olabs/CHE/ANC/ReactionOfMetalswithWaterUnderDifferentTemperatureConditions/images/waterInBeaker.png]
[localhost/olabs/CHE/ANC/ReactionOfMetalswithWaterUnderDifferentTemperatureConditions/images/waterVLeft.png]
[localhost/olabs/CHE/ANC/ReactionOfMetalswithWaterUnderDifferentTemperatureConditions/images/pourline.png]
[localhost/olabs/CHE/ANC/ReactionOfMetalswithWaterUnderDifferentTemperatureConditions/images/tubeStandBackOne.png]
[localhost/olabs/CHE/ANC/ReactionOfMetalswithWaterUnderDifferentTemperatureConditions/images/tubeStandFrontOne.png]
[localhost/olabs/CHE/ANC/ReactionOfMetalswithWaterUnderDifferentTemperatureConditions/images/burnerOn.png]
[localhost/olabs/CHE/ANC/ReactionOfMetalswithWaterUnderDifferentTemperatureConditions/images/burnerOne.png]
[localhost/olabs/CHE/ANC/ReactionOfMetalswithWaterUnderDifferentTemperatureConditions/images/stand.png]
[localhost/olabs/CHE/ANC/ReactionOfMetalswithWaterUnderDifferentTemperatureConditions/images/delTube.png]
[localhost/olabs/CHE/ANC/ReactionOfMetalswithWaterUnderDifferentTemperatureConditions/images/cork.png]
[localhost/olabs/CHE/ANC/ReactionOfMetalswithWaterUnderDifferentTemperatureConditions/images/steam.png]
[localhost/olabs/CHE/ANC/ReactionOfMetalswithWaterUnderDifferentTemperatureConditions/images/waterjar.png]
[localhost/olabs/CHE/ANC/ReactionOfMetalswithWaterUnderDifferentTemperatureConditions/images/standclip.png]
[localhost/olabs/CHE/ANC/ReactionOfMetalswithWaterUnderDifferentTemperatureConditions/images/testTubeH.png]
[localhost/olabs/CHE/ANC/ReactionOfMetalswithWaterUnderDifferentTemperatureConditions/images/glasswool.png]
[localhost/olabs/CHE/ANC/ReactionOfMetalswithWaterUnderDifferentTemperatureConditions/images/fogtube.png]
[localhost/olabs/CHE/ANC/ReactionOfMetalswithWaterUnderDifferentTemperatureConditions/images/tubefog.png]
[localhost/olabs/html5/index272a.html]
[localhost/olabs/CHE/ANC/heating_in_beaker/js/help.js]
[localhost/olabs/CHE/ANC/heating_in_beaker/js/simcontrols.js]
[localhost/olabs/CHE/ANC/heating_in_beaker/js/Gettext.js]
[localhost/olabs/CHE/ANC/heating_in_beaker/images/BG1.png]
[localhost/olabs/CHE/ANC/heating_in_beaker/images/BURNER.png]
[localhost/olabs/CHE/ANC/heating_in_beaker/images/tripod.png]
[localhost/olabs/CHE/ANC/heating_in_beaker/images/WIREGUAZE.png]
[localhost/olabs/CHE/ANC/heating_in_beaker/images/BEAKER.png]
[localhost/olabs/CHE/ANC/heating_in_beaker/images/WATER.png]
[localhost/olabs/CHE/ANC/heating_in_beaker/images/PORCELAIN.png]
[localhost/olabs/CHE/ANC/heating_in_beaker/images/WASH BOTTLE.png]
[localhost/olabs/CHE/ANC/heating_in_beaker/images/pourline1.png]
[localhost/olabs/CHE/ANC/heating_in_beaker/images/WATCHGLASS.png]
[localhost/olabs/CHE/ANC/heating_in_beaker/images/labelnew.png]
[localhost/olabs/CHE/ANC/heating_in_beaker/images/thermostand.png]
[localhost/olabs/CHE/ANC/heating_in_beaker/images/thermostand_bar.png]
[localhost/olabs/CHE/ANC/heating_in_beaker/images/THERMOMETER.png]
[localhost/olabs/CHE/ANC/heating_in_beaker/images/powderfall.png]
[localhost/olabs/CHE/ANC/heating_in_beaker/images/burnOn.png]
[localhost/olabs/CHE/ANC/heating_in_beaker/images/burnOff.png]
[localhost/olabs/CHE/ANC/heating_in_beaker/images/Inference.png]
[localhost/olabs/CHE/ANC/heating_in_beaker/images/box.png]
[localhost/olabs/html5/indexd7b7.html]
[localhost/olabs/html5/template/olabs_rs/js/responsive.js]
[localhost/olabs/CHE/AAC/washing_soda/js/help.js]
[localhost/olabs/html5/js/trip/olab.js]
[localhost/olabs/CHE/AAC/washing_soda/js/simcontrols.js]
[localhost/olabs/CHE/AAC/washing_soda/js/Gettext.js]
[localhost/olabs/CHE/AAC/washing_soda/images/bottle1.png]
[localhost/olabs/CHE/AAC/washing_soda/images/bottle2.png]
[localhost/olabs/CHE/AAC/washing_soda/images/bottle3.png]
[localhost/olabs/CHE/AAC/washing_soda/images/bg.png]
[localhost/olabs/CHE/AAC/washing_soda/images/label_wash_bottle.png]
[localhost/olabs/CHE/AAC/washing_soda/images/label_measuring_cylinder.png]
[localhost/olabs/CHE/AAC/washing_soda/images/label_spatula.png]
[localhost/olabs/CHE/AAC/washing_soda/images/label_glass_rod.png]
[localhost/olabs/CHE/AAC/washing_soda/images/label_litmus_paper.png]
[localhost/olabs/CHE/AAC/washing_soda/images/label_hcl_bottle.png]
[localhost/olabs/CHE/AAC/washing_soda/images/label_thistle_funnel.png]
[localhost/olabs/CHE/AAC/washing_soda/images/label_cork.png]
[localhost/olabs/CHE/AAC/washing_soda/images/label_delivery_tube.png]
[localhost/olabs/CHE/AAC/washing_soda/images/label_lime_water.png]
[localhost/olabs/CHE/AAC/washing_soda/images/boilingTubeStand/2.png]
[localhost/olabs/CHE/AAC/washing_soda/images/boilingTubeStand/1.png]
[localhost/olabs/CHE/AAC/washing_soda/images/boilingTube.png]
[localhost/olabs/CHE/AAC/washing_soda/images/boilingTubeSolution.png]
[localhost/olabs/CHE/AAC/washing_soda/images/salt.png]
[localhost/olabs/CHE/AAC/washing_soda/images/boiA.png]
[localhost/olabs/CHE/AAC/washing_soda/images/boiB.png]
[localhost/olabs/CHE/AAC/washing_soda/images/boiC.png]
[localhost/olabs/CHE/AAC/washing_soda/images/boilingTubeStand/3.png]
[localhost/olabs/CHE/AAC/washing_soda/images/boilingTubeStand/4.png]
[localhost/olabs/CHE/AAC/washing_soda/images/bottleW1.png]
[localhost/olabs/CHE/AAC/washing_soda/images/saltBottleCap.png]
[localhost/olabs/CHE/AAC/washing_soda/images/bottleW2.png]
[localhost/olabs/CHE/AAC/washing_soda/images/bottleW3.png]
[localhost/olabs/CHE/AAC/washing_soda/images/spatula.png]
[localhost/olabs/CHE/AAC/washing_soda/images/washBottle.png]
[localhost/olabs/CHE/AAC/washing_soda/images/poringAnimation/20.png]
[localhost/olabs/CHE/AAC/washing_soda/images/measuringCylinder.png]
[localhost/olabs/CHE/AAC/washing_soda/images/solution.png]
[localhost/olabs/CHE/AAC/washing_soda/images/solution1.png]
[localhost/olabs/CHE/AAC/washing_soda/images/rod.png]
[localhost/olabs/CHE/AAC/washing_soda/images/redL.png]
[localhost/olabs/CHE/AAC/washing_soda/images/bottle.png]
[localhost/olabs/CHE/AAC/washing_soda/images/cork.png]
[localhost/olabs/CHE/AAC/washing_soda/images/thistleFunnel.png]
[localhost/olabs/CHE/AAC/washing_soda/images/glassTube.png]
[localhost/olabs/CHE/AAC/washing_soda/images/dropper.png]
[localhost/olabs/CHE/AAC/washing_soda/images/dropperSoln.png]
[localhost/olabs/CHE/AAC/washing_soda/images/drop.png]
[localhost/olabs/CHE/AAC/washing_soda/images/stand.png]
[localhost/olabs/CHE/AAC/washing_soda/images/TestTube.png]
[localhost/olabs/CHE/AAC/washing_soda/images/StandTop.png]
[localhost/olabs/CHE/AAC/washing_soda/images/inference.png]
[localhost/olabs/html5/index6e27.html]
[localhost/olabs/html5/template/olab_ot/css/font.css]
[localhost/olabs/html5/template/olab_ot/css/reset.css]
[localhost/olabs/html5/template/olab_ot/css/grid.css]
[localhost/olabs/html5/template/olab_ot/fonts/noto-sans-v6-devanagari-regular.eot]
[localhost/olabs/html5/template/olab_ot/fonts/noto-sans-v6-devanagari-regular.woff2]
[localhost/olabs/html5/template/olab_ot/css/mainstyle.css]
[localhost/olabs/html5/template/olab_ot/fonts/noto-sans-v6-devanagari-regular.woff]
[localhost/olabs/html5/js/nanoscroller/nanoscroller.css]
[localhost/olabs/html5/template/olab_ot/fonts/noto-sans-v6-devanagari-regular.ttf]
[localhost/olabs/CHE/PHC/ToStudyThePropertiesOfAcidsNBases/css/simstyle.css]
[localhost/olabs/html5/js/trip/trip.css]
[localhost/olabs/html5/template/olab_ot/fonts/noto-sans-v6-devanagari-700.eot]
[localhost/olabs/html5/template/olab_ot/fonts/noto-sans-v6-devanagari-700.woff2]
[localhost/olabs/html5/template/olab_ot/fonts/noto-sans-v6-devanagari-700.woff]
[localhost/olabs/html5/template/olab_ot/fonts/noto-sans-v6-devanagari-700.ttf]
[localhost/olabs/html5/template/olab_ot/images/main_olab.gif]
[localhost/olabs/html5/template/olab_ot_rt/css/bootstrap.min.css]
[localhost/olabs/html5/template/olab_ot/images/dit_logo.gif]
[localhost/olabs/html5/template/olab_ot/images/menuBgRight.gif]
[localhost/olabs/html5/template/olab_ot_rt/images/menuBgRight.gif]
[localhost/olabs/html5/template/olab_ot/images/menuBgLeft.gif]
[localhost/olabs/html5/template/olab_ot_rt/css/custom_resp.css]
[localhost/olabs/html5/js/trip/arrow.png]
[localhost/olabs/html5/template/olab_ot_rt/fonts/noto-sans-v6-devanagari-regular.eot]
[localhost/olabs/html5/template/olab_ot_rt/fonts/noto-sans-v6-devanagari-regular.woff2]
[localhost/olabs/html5/template/olab_ot_rt/fonts/noto-sans-v6-devanagari-regular.woff]
[localhost/olabs/html5/template/olab_ot_rt/fonts/noto-sans-v6-devanagari-regular.ttf]
[localhost/olabs/html5/template/olab_ot_rt/fonts/noto-sans-v6-devanagari-700.eot]
[localhost/olabs/html5/template/olab_ot_rt/fonts/noto-sans-v6-devanagari-700.woff2]
[localhost/olabs/html5/template/olab_ot_rt/fonts/noto-sans-v6-devanagari-700.woff]
[localhost/olabs/html5/template/olab_ot_rt/fonts/noto-sans-v6-devanagari-700.ttf]
[localhost/olabs/html5/template/olab_ot_rt/css/font.css]
[localhost/olabs/html5/template/olab_ot_rt/images/main_olab.gif]
[localhost/olabs/html5/template/olab_ot_rt/css/mainstyle.css]
[localhost/olabs/html5/template/olab_ot_rt/images/footer.gif]
[localhost/olabs/html5/template/olab_ot_rt/css/newStyle.css]
[localhost/olabs/CHE/ORG/Reactivity_of_carbon_compound/images/BG.gif]
[localhost/olabs/CHE/ORG/Reactivity_of_carbon_compound/images/FirstErmntThmb.png]
[localhost/olabs/CHE/ORG/Reactivity_of_carbon_compound/images/SecondErmntThmb.png]
[localhost/olabs/CHE/ORG/Reactivity_of_carbon_compound/images/ThirdErmntThmb.png]
[localhost/olabs/CHE/ORG/Reactivity_of_carbon_compound/images/FourthErmntThmb.png]
[localhost/olabs/CHE/ORG/Reactivity_of_carbon_compound/images/Testtube_stand.png]
[localhost/olabs/CHE/ORG/Reactivity_of_carbon_compound/images/LabelsLarg.png]
[localhost/olabs/CHE/ORG/Reactivity_of_carbon_compound/images/LabelsSmall.png]
[localhost/olabs/CHE/ORG/Reactivity_of_carbon_compound/images/TesttubeWater.png]
[localhost/olabs/CHE/ORG/Reactivity_of_carbon_compound/images/Soln_dropper.png]
[localhost/olabs/CHE/ORG/Reactivity_of_carbon_compound/images/Shakebg.png]
[localhost/olabs/CHE/ORG/Reactivity_of_carbon_compound/images/SecondBg.gif]
[localhost/olabs/CHE/ORG/Reactivity_of_carbon_compound/images/Stand_label.png]
[localhost/olabs/CHE/ORG/Reactivity_of_carbon_compound/images/TesttubeTwo.png]
[localhost/olabs/CHE/ORG/Reactivity_of_carbon_compound/images/Smellgoing.png]
[localhost/olabs/CHE/ORG/Reactivity_of_carbon_compound/images/Inference.png]
[localhost/olabs/CHE/ORG/Reactivity_of_carbon_compound/images/ThirdBG.gif]
[localhost/olabs/CHE/ORG/Reactivity_of_carbon_compound/images/StandLabel_two.png]
[localhost/olabs/CHE/ORG/Reactivity_of_carbon_compound/images/TesttubeThree.png]
[localhost/olabs/CHE/ORG/Reactivity_of_carbon_compound/images/Dropper.png]
[localhost/olabs/CHE/ORG/Reactivity_of_carbon_compound/images/Stain.png]
[localhost/olabs/CHE/ORG/Reactivity_of_carbon_compound/images/TesttubesolutionThree.png]
[localhost/olabs/CHE/ORG/Reactivity_of_carbon_compound/images/DropperSolution.png]
[localhost/olabs/CHE/ORG/Reactivity_of_carbon_compound/images/Drops.png]
[localhost/olabs/CHE/ORG/Reactivity_of_carbon_compound/images/FourthGg.gif]
[localhost/olabs/CHE/ORG/Reactivity_of_carbon_compound/images/Testtube_set_four.png]
[localhost/olabs/CHE/ORG/Reactivity_of_carbon_compound/images/Backside_testtube.png]
[localhost/olabs/CHE/ORG/Reactivity_of_carbon_compound/images/Acid_flask.png]
[localhost/olabs/CHE/ORG/Reactivity_of_carbon_compound/images/Label_four.png]
[localhost/olabs/CHE/ORG/Reactivity_of_carbon_compound/images/Acid_Flask_shadow.png]
[localhost/olabs/CHE/ORG/Reactivity_of_carbon_compound/images/Solution_Four.png]
[localhost/olabs/CHE/ORG/Reactivity_of_carbon_compound/images/Rod.png]
[localhost/olabs/CHE/ORG/Reactivity_of_carbon_compound/images/Solution_exp_four.png]
[localhost/olabs/CHE/ORG/Reactivity_of_carbon_compound/images/TubeWater.png]
[localhost/olabs/CHE/ORG/Reactivity_of_carbon_compound/images/FlaskDrop.png]
[localhost/olabs/CHE/ORG/Reactivity_of_carbon_compound/images/SlopSolution.png]
[localhost/olabs/CHE/ORG/Reactivity_of_carbon_compound/images/SlopOne.png]
[localhost/olabs/CHE/ORG/Reactivity_of_carbon_compound/images/UpSolution.png]
[localhost/olabs/CHE/ORG/Reactivity_of_carbon_compound/images/Label_Frth_exp.png]
[localhost/olabs/CHE/ORG/Reactivity_of_carbon_compound/css/simstyle.css]
[localhost/olabs/CHE/SOL/Identification-True-colloidal-suspension-Final/css/simstyle.css]
[localhost/olabs/CHE/ANC/Boiling_Point_of_Water/css/simstyle.css]
[localhost/olabs/CHE/ANC/Melting-Point-Ice/css/simstyle.css]
[localhost/olabs/CHE/ORG/Qualitative_Analysis/css/MRKGPEN.TTF]
[localhost/olabs/CHE/ORG/Qualitative_Analysis/css/simstyle.css]
[localhost/olabs/CHE/ORG/Qualitative_Analysis/js/simcontrols_sulphite.js]
[localhost/olabs/CHE/ORG/Qualitative_Analysis/js/simcontrols_sulphide.js]
[localhost/olabs/CHE/ORG/Qualitative_Analysis/js/simcontrols_nitrite.js]
[localhost/olabs/CHE/ORG/Qualitative_Analysis/js/simcontrols_nitrate.js]
[localhost/olabs/CHE/ORG/Qualitative_Analysis/js/help_acetate.js]
[localhost/olabs/CHE/ORG/Qualitative_Analysis/images/labelboard.html]
[localhost/olabs/html5/template/olab/css/reset.css]
[localhost/olabs/html5/template/olab/css/grid.css]
[localhost/olabs/html5/template/olab/images/main_olab.gif]
[localhost/olabs/html5/template/olab/images/dit_logo.gif]
[localhost/olabs/html5/template/olab/images/menuBgRight.gif]
[localhost/olabs/html5/template/olab/images/menuBgLeft.gif]
[localhost/olabs/html5/template/olab/css/mainstyle.css]
[localhost/olabs/CHE/ANC/Determination_of_melting_point/css/simstyle.css]
[localhost/olabs/CHE/PHC/Surface_Chemistry/css/MRKGPEN.TTF]
[localhost/olabs/CHE/PHC/Surface_Chemistry/css/simstyle.css]
[localhost/olabs/CHE/PHC/Effectiveness_of_common_oils/css/simstyle.css]
[localhost/olabs/CHE/SOL/Separation-of-components-of-a-mixture/images/smoke.png]
[localhost/olabs/CHE/SOL/Separation-of-components-of-a-mixture/css/simstyle.css]
[localhost/olabs/CHE/ORG/Reactivity_of_Metals/css/simstyle.css]
[localhost/olabs/CHE/SOL/Properties_of_mixture_and_Compound/css/simstyle.css]
[localhost/olabs/CHE/SOL/Properties_of_mixture_and_Compound/js/runtime.html]
[localhost/olabs/CHE/PHC/Chemical_Reactions/css/MRKGPEN.TTF]
[localhost/olabs/CHE/PHC/Chemical_Reactions/css/simstyle.css]
[localhost/olabs/CHE/PHC/pH-Determination/css/simstyle.css]
[localhost/olabs/CHE/INC/Action_of_water_on-quick_lime/images/BG.jpg]
[localhost/olabs/CHE/INC/Action_of_water_on-quick_lime/css/simstyle.css]
[localhost/olabs/CHE/INC/action-of-heat-on-ferrous-sulphate-crystals/css/simstyle.css]
[localhost/olabs/CHE/INC/action-of-heat-on-ferrous-sulphate-crystals/images/inferenceMsg.html]
[localhost/olabs/CHE/INC/action-of-heat-on-ferrous-sulphate-crystals/images/message.html]
[localhost/olabs/CHE/PHC/Type_Of_Reaction_iron_nail_with_copper/images/tooltips.png]
[localhost/olabs/CHE/PHC/Type_Of_Reaction_iron_nail_with_copper/css/simstyle.css]
[localhost/olabs/CHE/PHC/reaction-Sodium-Sulphate-and-barium-chloride/css/simstyle.css]
[localhost/olabs/CHE/ORG/Different_technique_of_separation/css/simstyle.css]
[localhost/olabs/CHE/INC/Quantitative_Estimation/css/simstyle.css]
[localhost/olabs/CHE/ANC/Characterization_and_Purification_of_Chemical_Substances/css/MRKGPEN.TTF]
[localhost/olabs/CHE/ANC/Characterization_and_Purification_of_Chemical_Substances/css/simstyle.css]
[localhost/olabs/CHE/ANC/Determination_of_Boiling_point/css/simstyle.css]
[localhost/olabs/CHE/INC/Chemical_Equillibrium/css/simstyle.css]
[localhost/olabs/CHE/INC/Preparation_Inorganic_Compounds/css/MRKGPEN.TTF]
[localhost/olabs/CHE/INC/Preparation_Inorganic_Compounds/css/simstyle.css]
[localhost/olabs/CHE/INC/Determination_of_concentration_of_KMnO4_solution/css/simstyle.css]
[localhost/olabs/CHE/ORG/Preparation_of_Organic_compounds/css/MRKGPEN.TTF]
[localhost/olabs/CHE/ORG/Preparation_of_Organic_compounds/css/simstyle.css]
[localhost/olabs/CHE/PHC/Chemical_Kinetics_Rate_reaction_iodide_ions_hydrogen_peroxide/css/MRKGPEN.TTF]
[localhost/olabs/CHE/PHC/Chemical_Kinetics_Rate_reaction_iodide_ions_hydrogen_peroxide/css/simstyle.css]
[localhost/olabs/CHE/PHC/The_Law_of_Conservation_of_Mass_in_a_Chemical_Reaction/css/MRKGPEN.TTF]
[localhost/olabs/CHE/PHC/The_Law_of_Conservation_of_Mass_in_a_Chemical_Reaction/images/BG.png]
[localhost/olabs/CHE/PHC/The_Law_of_Conservation_of_Mass_in_a_Chemical_Reaction/css/simstyle.css]
[localhost/olabs/CHE/PHC/The_Law_of_Conservation_of_Mass_in_a_Chemical_Reaction/css/jquery.qtip.css]
[localhost/olabs/html5/template/olab_otr_reset/fonts/noto-sans-v6-devanagari-regular.eot]
[localhost/olabs/html5/template/olab_otr_reset/fonts/noto-sans-v6-devanagari-regular.woff2]
[localhost/olabs/html5/template/olab_otr_reset/fonts/noto-sans-v6-devanagari-regular.woff]
[localhost/olabs/html5/template/olab_otr_reset/fonts/noto-sans-v6-devanagari-regular.ttf]
[localhost/olabs/html5/template/olab_otr_reset/fonts/noto-sans-v6-devanagari-700.eot]
[localhost/olabs/html5/template/olab_otr_reset/fonts/noto-sans-v6-devanagari-700.woff2]
[localhost/olabs/html5/template/olab_otr_reset/fonts/noto-sans-v6-devanagari-700.woff]
[localhost/olabs/html5/template/olab_otr_reset/fonts/noto-sans-v6-devanagari-700.ttf]
[localhost/olabs/html5/template/olab_otr_reset/css/font.css]
[localhost/olabs/html5/template/olab_otr_reset/css/reset.css]
[localhost/olabs/html5/template/olab_otr_reset/css/grid.css]
[localhost/olabs/html5/template/olab_otr_reset/images/main_olab.gif]
[localhost/olabs/html5/template/olab_otr_reset/images/dit_logo.gif]
[localhost/olabs/html5/template/olab_otr_reset/images/menuBgRight.gif]
[localhost/olabs/html5/template/olab_otr_reset/css/mainstyle.css]
[localhost/olabs/CHE/ORG/Saponification_The_Process_of_Making_Soap/css/simstyle.css]
[localhost/olabs/CHE/ORG/Cleaning_Capacity_of_Soap_with_Hard_and_Soft_Water/css/simstyle.css]
[localhost/olabs/CHE/ANC/Chromatography/css/simstyle.css]
[localhost/olabs/CHE/ORG/Qualitative_Analysis_of_proteins/css/MRKGPEN.TTF]
[localhost/olabs/CHE/ORG/Qualitative_Analysis_of_proteins/css/simstyle.css]
[localhost/olabs/CHE/ORG/Tests_for_the_functional_group_present_in_the_organic_compounds/css/MRKGPEN.TTF]
[localhost/olabs/CHE/ORG/Tests_for_the_functional_group_present_in_the_organic_compounds/css/simstyle.css]
[localhost/olabs/CHE/PHC/Chemical_Kinetics_Effect_concentration_rate_reaction_sodium_thiosulphate/css/MRKGPEN.TTF]
[localhost/olabs/CHE/PHC/Chemical_Kinetics_Effect_concentration_rate_reaction_sodium_thiosulphate/css/simstyle.css]
[localhost/olabs/CHE/PHC/Chemical_Kinetics_The_reaction_potassium_iodate_sodium_sulphite/css/MRKGPEN.TTF]
[localhost/olabs/CHE/PHC/Chemical_Kinetics_The_reaction_potassium_iodate_sodium_sulphite/css/simstyle.css]
[localhost/olabs/CHE/PHC/Thermochemistry/css/MRKGPEN.TTF]
[localhost/olabs/CHE/PHC/Thermochemistry/css/simstyle.css]
[localhost/olabs/CHE/ORG/Lassaignes_Test/css/simstyle.css]
[localhost/olabs/CHE/ELC/EMF_measurement/css/DS-DIGII.TTF]
[localhost/olabs/CHE/ELC/EMF_measurement/css/simstyle.css]
[localhost/olabs/CHE/ORG/Qualitative_Analysis_of_Cations/css/MRKGPEN.TTF]
[localhost/olabs/CHE/ORG/Qualitative_Analysis_of_Cations/css/simstyle.css]
[localhost/olabs/CHE/ORG/Qualitative_Analysis_of_Carbohydrates/css/MRKGPEN.TTF]
[localhost/olabs/CHE/ORG/Qualitative_Analysis_of_Carbohydrates/css/simstyle.css]
[localhost/olabs/CHE/ORG/Qualitative_Analysis_of_Oils_and_Fats/css/MRKGPEN.TTF]
[localhost/olabs/CHE/ORG/Qualitative_Analysis_of_Oils_and_Fats/css/simstyle.css]
[localhost/olabs/CHE/INC/Reactions_of_Sodium_Hydroxide_with_Aluminium_Metal_and_Hydrochloric_Acid/css/MRKGPEN.TTF]
[localhost/olabs/CHE/INC/Reactions_of_Sodium_Hydroxide_with_Aluminium_Metal_and_Hydrochloric_Acid/css/simstyle.css]
[localhost/olabs/CHE/INC/Identify_bleaching_powder_among_given_samples_of_chemicals/css/MRKGPEN.TTF]
[localhost/olabs/CHE/INC/Identify_bleaching_powder_among_given_samples_of_chemicals/css/simstyle.css]
[localhost/olabs/html5/template/olab_otr/fonts/noto-sans-v6-devanagari-regular.eot]
[localhost/olabs/html5/template/olab_otr/fonts/noto-sans-v6-devanagari-regular.woff2]
[localhost/olabs/html5/template/olab_otr/fonts/noto-sans-v6-devanagari-regular.woff]
[localhost/olabs/html5/template/olab_otr/fonts/noto-sans-v6-devanagari-regular.ttf]
[localhost/olabs/html5/template/olab_otr/fonts/noto-sans-v6-devanagari-700.eot]
[localhost/olabs/html5/template/olab_otr/fonts/noto-sans-v6-devanagari-700.woff2]
[localhost/olabs/html5/template/olab_otr/fonts/noto-sans-v6-devanagari-700.woff]
[localhost/olabs/html5/template/olab_otr/fonts/noto-sans-v6-devanagari-700.ttf]
[localhost/olabs/html5/template/olab_otr/css/font.css]
[localhost/olabs/html5/template/olab_otr/css/reset.css]
[localhost/olabs/html5/template/olab_otr/css/grid.css]
[localhost/olabs/html5/template/olab_otr/images/main_olab.gif]
[localhost/olabs/html5/template/olab_otr/images/dit_logo.gif]
[localhost/olabs/html5/template/olab_otr/images/menuBgRight.gif]
[localhost/olabs/html5/template/olab_otr/css/mainstyle.css]
[localhost/olabs/CHE/INC/To_study_the_oxidation_reaction_of_alcohols/css/simstyle.css]
[localhost/olabs/CHE/INC/Compare_the_foaming_capacity_of_different_samples_of_soap/css/simstyle.css]
[localhost/olabs/CHE/INC/To_prepare_sulphurdioxide_gas_and_study_its_physical_and_chemical_properties/css/simstyle.css]
[localhost/olabs/CHE/INC/Measure_the_change_in_temperature_during_chemical_reactions/css/simstyle.css]
[localhost/olabs/CHE/INC/To_study_the_changes_in_the_state_of_sublimate_solids_on_heating/css/MRKGPEN.TTF]
[localhost/olabs/CHE/INC/Compare_the_foaming_capacity_of_different_samples_of_soap/images/label.png]
[localhost/olabs/CHE/INC/To_study_the_changes_in_the_state_of_sublimate_solids_on_heating/css/simstyle.css]
[localhost/olabs/CHE/ANC/Preparation_of_aniline_yellow/css/simstyle.css]
[localhost/olabs/CHE/ANC/To_show_that_acids_bases_and_salts_are_electrolytes/css/simstyle.css]
[localhost/olabs/html5/index28d5.html]
[localhost/olabs/CHE/ANC/EffectOfTemperatureOnRateOfReaction/css/simstyle.css]
[localhost/olabs/CHE/INC/To_determine_the_enthalpy_of_neutralization_of_a_strong_acid_(HCl)_with_a_sturdy_base_(NaOH)/css/pencil.ttf]
[localhost/olabs/CHE/INC/To_determine_the_enthalpy_of_neutralization_of_a_strong_acid_(HCl)_with_a_sturdy_base_(NaOH)/css/simstyle.css]
[localhost/olabs/CHE/INC/To_determine_the_enthalpy_of_neutralization_of_a_strong_acid_(HCl)_with_a_sturdy_base_(NaOH)/css/mag.css]
[localhost/olabs/html5/template/olabs_fs/images/bg2.png]
[localhost/olabs/html5/template/olabs_fs/images/bottomBg.png]
[localhost/olabs/html5/template/olabs_fs/css/mainstyle.css]
[localhost/olabs/CHE/INC/prepare_a_colloidal_solution_of_sulphur/css/simstyle.css]
[localhost/olabs/CHE/INC/shift_in_equilibrium_between_ferric_ions_and_thiocyanate_ions/css/simstyle.css]
[localhost/olabs/CHE/INC/shift_in_equilibrium_between_ferric_ions_and_thiocyanate_ions/js/secondpage.html]
[localhost/olabs/CHE/ANC/Shift_in_equilibrium_cobalt(II)_hexahydrated_ion_and_chloride_ion/css/simstyle.css]
[localhost/olabs/CHE/INC/Process_of_Evaporation/css/simstyle.css]
[localhost/olabs/CHE/INC/Process_of_Evaporation/js/finalJS.html]
[localhost/olabs/CHE/INC/Process_of_Evaporation/js/QuestionExecutePackage.html]
[localhost/olabs/CHE/INC/Enthalpy_Change_for_the_Interaction_between_Acetone_and_Chloroform/css/MRKGPEN.TTF]
[localhost/olabs/CHE/INC/Enthalpy_Change_for_the_Interaction_between_Acetone_and_Chloroform/css/simstyle.css]
[localhost/olabs/CHE/INC/Study_the_Process_of_Filtration/css/simstyle.css]
[localhost/olabs/CHE/ANC/Study_of_gases_readily_compressible_and_liquids_are_not/css/simstyle.css]
[localhost/olabs/CHE/ANC/ReactionOfMetalswithWaterUnderDifferentTemperatureConditions/css/MRKGPEN.TTF]
[localhost/olabs/CHE/ANC/ReactionOfMetalswithWaterUnderDifferentTemperatureConditions/css/simstyle.css]
[localhost/olabs/CHE/ANC/heating_in_beaker/css/MRKGPEN.TTF]
[localhost/olabs/CHE/ANC/heating_in_beaker/css/simstyle.css]
[localhost/olabs/html5/template/olabs_rs/images/bg2.png]
[localhost/olabs/html5/template/olabs_rs/css/mainstyle.css]
[localhost/olabs/html5/template/olabs_rs/images/bottomBg.png]
[localhost/olabs/CHE/AAC/washing_soda/css/simstyle.css]
[code.jquery.com/ui/1.12.1/jquery-ui.html]
[fonts.googleapis.com/earlyaccess/notosansmalayalam.css]
[fonts.googleapis.com/earlyaccess/notosanstelugu.css]
[localhost/olabs/html5/template/olab_ot/fonts/noto-sans-v6-devanagari-regular.svg]
[localhost/olabs/html5/template/olab_ot/fonts/noto-sans-v6-devanagari-700.svg]
[localhost/olabs/html5/template/olab_ot/css/images/menuBgLeft.html]
[localhost/olabs/html5/template/olab_ot_rt/fonts/glyphicons-halflings-regular.html]
[localhost/olabs/html5/template/olab_ot_rt/fonts/glyphicons-halflings-regulard41d.html]
[localhost/olabs/html5/template/olab_ot_rt/fonts/glyphicons-halflings-regular-2.html]
[localhost/olabs/html5/template/olab_ot_rt/fonts/glyphicons-halflings-regular-3.html]
[localhost/olabs/html5/template/olab_ot_rt/fonts/glyphicons-halflings-regular-4.html]
[localhost/olabs/html5/template/olab_ot_rt/fonts/glyphicons-halflings-regular-5.html]
[localhost/olabs/html5/template/olab_ot_rt/css/img/main_olab.html]
[localhost/olabs/html5/template/olab_ot_rt/css/img/BG11.html]
[localhost/olabs/html5/template/olab_ot_rt/fonts/noto-sans-v6-devanagari-regular.svg]
[localhost/olabs/html5/template/olab_ot_rt/fonts/noto-sans-v6-devanagari-700.svg]
[localhost/olabs/CHE/SOL/Identification-True-colloidal-suspension-Final/css/css/Digiface.html]
[localhost/olabs/html5/template/olab/css/images/menuBgLeft.html]
[localhost/olabs/html5/template/olab_otr_reset/fonts/noto-sans-v6-devanagari-regular.svg]
[localhost/olabs/html5/template/olab_otr_reset/fonts/noto-sans-v6-devanagari-700.svg]
[localhost/olabs/html5/template/olab_otr_reset/css/images/menuBgLeft.html]
[localhost/olabs/html5/template/olab_otr/fonts/noto-sans-v6-devanagari-regular.svg]
[localhost/olabs/html5/template/olab_otr/fonts/noto-sans-v6-devanagari-700.svg]
[localhost/olabs/html5/template/olab_otr/css/images/menuBgLeft.html]
[localhost/olabs/CHE/INC/To_study_the_oxidation_reaction_of_alcohols/css/images/bf1.html]
[localhost/olabs/CHE/INC/To_study_the_oxidation_reaction_of_alcohols/css/images/bf2.html]
[localhost/olabs/CHE/INC/To_study_the_oxidation_reaction_of_alcohols/css/images/bf3.html]
[localhost/olabs/CHE/INC/To_study_the_oxidation_reaction_of_alcohols/css/images/bf4.html]
[localhost/olabs/CHE/INC/To_study_the_oxidation_reaction_of_alcohols/css/images/bf5.html]
[localhost/olabs/CHE/INC/To_study_the_oxidation_reaction_of_alcohols/css/images/bf6.html]
[localhost/olabs/CHE/INC/To_study_the_oxidation_reaction_of_alcohols/css/images/bf7.html]
[localhost/olabs/CHE/INC/To_study_the_oxidation_reaction_of_alcohols/css/images/bf8.html]
[localhost/olabs/CHE/INC/To_study_the_oxidation_reaction_of_alcohols/css/images/bf9.html]
[localhost/olabs/CHE/INC/To_study_the_oxidation_reaction_of_alcohols/css/images/bf10.html]
[localhost/olabs/CHE/INC/To_study_the_oxidation_reaction_of_alcohols/css/images/bf11.html]
[localhost/olabs/CHE/INC/To_study_the_oxidation_reaction_of_alcohols/css/images/bf12.html]
[localhost/olabs/CHE/INC/To_study_the_oxidation_reaction_of_alcohols/css/images/bf13.html]
[localhost/olabs/CHE/INC/To_study_the_oxidation_reaction_of_alcohols/css/images/bf14.html]
[localhost/olabs/CHE/INC/To_study_the_oxidation_reaction_of_alcohols/css/images/bf15.html]
[localhost/olabs/CHE/INC/To_study_the_oxidation_reaction_of_alcohols/css/images/bf16.html]
[localhost/olabs/CHE/INC/To_study_the_oxidation_reaction_of_alcohols/css/images/bf17.html]
[localhost/olabs/CHE/INC/To_study_the_oxidation_reaction_of_alcohols/css/images/f1.html]
[localhost/olabs/CHE/INC/To_study_the_oxidation_reaction_of_alcohols/css/images/f2.html]
[localhost/olabs/CHE/INC/To_study_the_oxidation_reaction_of_alcohols/css/images/f3.html]
[localhost/olabs/CHE/INC/To_study_the_oxidation_reaction_of_alcohols/css/images/f4.html]
[localhost/olabs/CHE/INC/To_study_the_oxidation_reaction_of_alcohols/css/images/f5.html]
[localhost/olabs/CHE/INC/To_study_the_oxidation_reaction_of_alcohols/css/images/f6.html]
[localhost/olabs/CHE/INC/To_study_the_oxidation_reaction_of_alcohols/css/images/f7.html]
[localhost/olabs/CHE/INC/To_study_the_oxidation_reaction_of_alcohols/css/images/f8.html]
[localhost/olabs/CHE/INC/To_study_the_oxidation_reaction_of_alcohols/css/images/f9.html]
[localhost/olabs/CHE/INC/To_study_the_oxidation_reaction_of_alcohols/css/images/f10.html]
[localhost/olabs/CHE/INC/To_study_the_oxidation_reaction_of_alcohols/css/images/f11.html]
[localhost/olabs/CHE/INC/To_study_the_oxidation_reaction_of_alcohols/css/images/f12.html]
[localhost/olabs/CHE/INC/To_study_the_oxidation_reaction_of_alcohols/css/images/f13.html]
[localhost/olabs/CHE/INC/To_study_the_oxidation_reaction_of_alcohols/css/images/f14.html]
[localhost/olabs/CHE/INC/To_study_the_oxidation_reaction_of_alcohols/css/images/f15.html]
[localhost/olabs/CHE/INC/To_study_the_oxidation_reaction_of_alcohols/css/images/fp1.html]
[localhost/olabs/CHE/INC/To_study_the_oxidation_reaction_of_alcohols/css/images/fp2.html]
[localhost/olabs/CHE/INC/To_study_the_oxidation_reaction_of_alcohols/css/images/fp3.html]
[localhost/olabs/CHE/INC/To_study_the_oxidation_reaction_of_alcohols/css/images/fp4.html]
[localhost/olabs/CHE/INC/To_study_the_oxidation_reaction_of_alcohols/css/images/fp5.html]
[localhost/olabs/CHE/INC/To_study_the_oxidation_reaction_of_alcohols/css/images/fp6.html]
[localhost/olabs/CHE/INC/To_study_the_oxidation_reaction_of_alcohols/css/images/fp7.html]
[localhost/olabs/CHE/INC/To_study_the_oxidation_reaction_of_alcohols/css/images/fp8.html]
[localhost/olabs/CHE/INC/To_study_the_oxidation_reaction_of_alcohols/css/images/fp9.html]
[localhost/olabs/CHE/INC/To_study_the_oxidation_reaction_of_alcohols/css/images/fp10.html]
[localhost/olabs/CHE/INC/To_study_the_oxidation_reaction_of_alcohols/css/images/fp11.html]
[localhost/olabs/CHE/INC/To_study_the_oxidation_reaction_of_alcohols/css/images/fp12.html]
[localhost/olabs/CHE/INC/To_study_the_oxidation_reaction_of_alcohols/css/images/fp13.html]
[localhost/olabs/CHE/INC/To_study_the_oxidation_reaction_of_alcohols/css/images/f14-2.html]
[localhost/olabs/CHE/INC/To_study_the_oxidation_reaction_of_alcohols/css/images/fp15.html]
[localhost/olabs/CHE/INC/To_study_the_oxidation_reaction_of_alcohols/css/images/fp16.html]
[localhost/olabs/CHE/INC/To_study_the_oxidation_reaction_of_alcohols/css/images/fp17.html]
[localhost/olabs/CHE/INC/To_study_the_oxidation_reaction_of_alcohols/css/images/fp18.html]
[localhost/olabs/CHE/INC/To_study_the_oxidation_reaction_of_alcohols/css/images/fp19.html]
[localhost/olabs/CHE/INC/To_determine_the_enthalpy_of_neutralization_of_a_strong_acid_(HCl)_with_a_sturdy_base_(NaOH)/css/images/filter/fp1.html]
[localhost/olabs/CHE/INC/To_determine_the_enthalpy_of_neutralization_of_a_strong_acid_(HCl)_with_a_sturdy_base_(NaOH)/css/images/filter/fp2.html]
[localhost/olabs/CHE/INC/To_determine_the_enthalpy_of_neutralization_of_a_strong_acid_(HCl)_with_a_sturdy_base_(NaOH)/css/images/filter/fp3.html]
[localhost/olabs/CHE/INC/To_determine_the_enthalpy_of_neutralization_of_a_strong_acid_(HCl)_with_a_sturdy_base_(NaOH)/css/images/filter/fp4.html]
[localhost/olabs/CHE/INC/To_determine_the_enthalpy_of_neutralization_of_a_strong_acid_(HCl)_with_a_sturdy_base_(NaOH)/css/images/filter/fp5.html]
[localhost/olabs/CHE/INC/To_determine_the_enthalpy_of_neutralization_of_a_strong_acid_(HCl)_with_a_sturdy_base_(NaOH)/css/images/filter/fp6.html]
[localhost/olabs/CHE/INC/To_determine_the_enthalpy_of_neutralization_of_a_strong_acid_(HCl)_with_a_sturdy_base_(NaOH)/css/images/filter/fp7.html]
[localhost/olabs/CHE/INC/To_determine_the_enthalpy_of_neutralization_of_a_strong_acid_(HCl)_with_a_sturdy_base_(NaOH)/css/images/filter/fp8.html]
[localhost/olabs/CHE/INC/To_determine_the_enthalpy_of_neutralization_of_a_strong_acid_(HCl)_with_a_sturdy_base_(NaOH)/css/images/filter/fp9.html]
[localhost/olabs/CHE/INC/To_determine_the_enthalpy_of_neutralization_of_a_strong_acid_(HCl)_with_a_sturdy_base_(NaOH)/css/images/filter/fp10.html]
[localhost/olabs/CHE/INC/To_determine_the_enthalpy_of_neutralization_of_a_strong_acid_(HCl)_with_a_sturdy_base_(NaOH)/css/images/filter/fp11.html]
[localhost/olabs/CHE/INC/To_determine_the_enthalpy_of_neutralization_of_a_strong_acid_(HCl)_with_a_sturdy_base_(NaOH)/css/images/filter/fp12.html]
[localhost/olabs/CHE/INC/To_determine_the_enthalpy_of_neutralization_of_a_strong_acid_(HCl)_with_a_sturdy_base_(NaOH)/css/images/filter/fp13.html]
[localhost/olabs/CHE/INC/To_determine_the_enthalpy_of_neutralization_of_a_strong_acid_(HCl)_with_a_sturdy_base_(NaOH)/css/images/filter/f14.html]
[localhost/olabs/CHE/INC/To_determine_the_enthalpy_of_neutralization_of_a_strong_acid_(HCl)_with_a_sturdy_base_(NaOH)/css/images/filter/fp15.html]
[localhost/olabs/CHE/INC/To_determine_the_enthalpy_of_neutralization_of_a_strong_acid_(HCl)_with_a_sturdy_base_(NaOH)/css/images/filter/fp16.html]
[localhost/olabs/CHE/INC/To_determine_the_enthalpy_of_neutralization_of_a_strong_acid_(HCl)_with_a_sturdy_base_(NaOH)/css/images/filter/fp17.html]
[localhost/olabs/CHE/INC/To_determine_the_enthalpy_of_neutralization_of_a_strong_acid_(HCl)_with_a_sturdy_base_(NaOH)/css/images/filter/fp18.html]
[localhost/olabs/CHE/INC/To_determine_the_enthalpy_of_neutralization_of_a_strong_acid_(HCl)_with_a_sturdy_base_(NaOH)/css/images/filter/fp19.html]
